x,y,path
5,5,1
6.94923,5.4478,2
5,5,2
8.32701,6.89753,3
6.94923,5.4478,3
5,5,3
8.51274,8.88888,4
8.32701,6.89753,4
6.94923,5.4478,4
5,5,4
10.303,9.78045,5
8.51274,8.88888,5
8.32701,6.89753,5
6.94923,5.4478,5
5,5,5
10.7188,11.7368,6
10.303,9.78045,6
8.51274,8.88888,6
8.32701,6.89753,6
6.94923,5.4478,6
5,5,6
10.9404,13.7244,7
10.7188,11.7368,7
10.303,9.78045,7
8.51274,8.88888,7
8.32701,6.89753,7
6.94923,5.4478,7
5,5,7
10.726,15.7129,8
10.9404,13.7244,8
10.7188,11.7368,8
10.303,9.78045,8
8.51274,8.88888,8
8.32701,6.89753,8
6.94923,5.4478,8
5,5,8
9.19093,16.9949,9
10.726,15.7129,9
10.9404,13.7244,9
10.7188,11.7368,9
10.303,9.78045,9
8.51274,8.88888,9
8.32701,6.89753,9
6.94923,5.4478,9
5,5,9
9.09781,18.9927,10
9.19093,16.9949,10
10.726,15.7129,10
10.9404,13.7244,10
10.7188,11.7368,10
10.303,9.78045,10
8.51274,8.88888,10
8.32701,6.89753,10
6.94923,5.4478,10
5,5,10
10.3455,20.5558,11
9.09781,18.9927,11
9.19093,16.9949,11
10.726,15.7129,11
10.9404,13.7244,11
10.7188,11.7368,11
10.303,9.78045,11
8.51274,8.88888,11
8.32701,6.89753,11
6.94923,5.4478,11
5,5,11
10.3345,22.5557,12
10.3455,20.5558,12
9.09781,18.9927,12
9.19093,16.9949,12
10.726,15.7129,12
10.9404,13.7244,12
10.7188,11.7368,12
10.303,9.78045,12
8.51274,8.88888,12
8.32701,6.89753,12
6.94923,5.4478,12
5,5,12
10.3345,22.5557,13
10.3455,20.5558,13
9.09781,18.9927,13
9.19093,16.9949,13
10.726,15.7129,13
10.9404,13.7244,13
10.7188,11.7368,13
10.303,9.78045,13
8.51274,8.88888,13
8.32701,6.89753,13
6.94923,5.4478,13
5,5,13
12.3192,22.8024,14
10.3345,22.5557,14
10.3455,20.5558,14
9.09781,18.9927,14
9.19093,16.9949,14
10.726,15.7129,14
10.9404,13.7244,14
10.7188,11.7368,14
10.303,9.78045,14
8.51274,8.88888,14
8.32701,6.89753,14
6.94923,5.4478,14
5,5,14
14.3153,22.677,15
12.3192,22.8024,15
10.3345,22.5557,15
10.3455,20.5558,15
9.09781,18.9927,15
9.19093,16.9949,15
10.726,15.7129,15
10.9404,13.7244,15
10.7188,11.7368,15
10.303,9.78045,15
8.51274,8.88888,15
8.32701,6.89753,15
6.94923,5.4478,15
5,5,15
10.0692,24.5381,16
10.3345,22.5557,16
10.3455,20.5558,16
9.09781,18.9927,16
9.19093,16.9949,16
10.726,15.7129,16
10.9404,13.7244,16
10.7188,11.7368,16
10.303,9.78045,16
8.51274,8.88888,16
8.32701,6.89753,16
6.94923,5.4478,16
5,5,16
15.848,23.9618,17
14.3153,22.677,17
12.3192,22.8024,17
10.3345,22.5557,17
10.3455,20.5558,17
9.09781,18.9927,17
9.19093,16.9949,17
10.726,15.7129,17
10.9404,13.7244,17
10.7188,11.7368,17
10.303,9.78045,17
8.51274,8.88888,17
8.32701,6.89753,17
6.94923,5.4478,17
5,5,17
16.8545,25.6901,18
15.848,23.9618,18
14.3153,22.677,18
12.3192,22.8024,18
10.3345,22.5557,18
10.3455,20.5558,18
9.09781,18.9927,18
9.19093,16.9949,18
10.726,15.7129,18
10.9404,13.7244,18
10.7188,11.7368,18
10.303,9.78045,18
8.51274,8.88888,18
8.32701,6.89753,18
6.94923,5.4478,18
5,5,18
18.4621,26.8798,19
16.8545,25.6901,19
15.848,23.9618,19
14.3153,22.677,19
12.3192,22.8024,19
10.3345,22.5557,19
10.3455,20.5558,19
9.09781,18.9927,19
9.19093,16.9949,19
10.726,15.7129,19
10.9404,13.7244,19
10.7188,11.7368,19
10.303,9.78045,19
8.51274,8.88888,19
8.32701,6.89753,19
6.94923,5.4478,19
5,5,19
20.4619,26.8508,20
18.4621,26.8798,20
16.8545,25.6901,20
15.848,23.9618,20
14.3153,22.677,20
12.3192,22.8024,20
10.3345,22.5557,20
10.3455,20.5558,20
9.09781,18.9927,20
9.19093,16.9949,20
10.726,15.7129,20
10.9404,13.7244,20
10.7188,11.7368,20
10.303,9.78045,20
8.51274,8.88888,20
8.32701,6.89753,20
6.94923,5.4478,20
5,5,20
22.457,26.7105,21
20.4619,26.8508,21
18.4621,26.8798,21
16.8545,25.6901,21
15.848,23.9618,21
14.3153,22.677,21
12.3192,22.8024,21
10.3345,22.5557,21
10.3455,20.5558,21
9.09781,18.9927,21
9.19093,16.9949,21
10.726,15.7129,21
10.9404,13.7244,21
10.7188,11.7368,21
10.303,9.78045,21
8.51274,8.88888,21
8.32701,6.89753,21
6.94923,5.4478,21
5,5,21
22.457,26.7105,22
20.4619,26.8508,22
18.4621,26.8798,22
16.8545,25.6901,22
15.848,23.9618,22
14.3153,22.677,22
12.3192,22.8024,22
10.3345,22.5557,22
10.3455,20.5558,22
9.09781,18.9927,22
9.19093,16.9949,22
10.726,15.7129,22
10.9404,13.7244,22
10.7188,11.7368,22
10.303,9.78045,22
8.51274,8.88888,22
8.32701,6.89753,22
6.94923,5.4478,22
5,5,22
23.4125,28.4674,23
22.457,26.7105,23
20.4619,26.8508,23
18.4621,26.8798,23
16.8545,25.6901,23
15.848,23.9618,23
14.3153,22.677,23
12.3192,22.8024,23
10.3345,22.5557,23
10.3455,20.5558,23
9.09781,18.9927,23
9.19093,16.9949,23
10.726,15.7129,23
10.9404,13.7244,23
10.7188,11.7368,23
10.303,9.78045,23
8.51274,8.88888,23
8.32701,6.89753,23
6.94923,5.4478,23
5,5,23
10.0405,26.5379,24
10.0692,24.5381,24
10.3345,22.5557,24
10.3455,20.5558,24
9.09781,18.9927,24
9.19093,16.9949,24
10.726,15.7129,24
10.9404,13.7244,24
10.7188,11.7368,24
10.303,9.78045,24
8.51274,8.88888,24
8.32701,6.89753,24
6.94923,5.4478,24
5,5,24
24.3062,25.9485,25
22.457,26.7105,25
20.4619,26.8508,25
18.4621,26.8798,25
16.8545,25.6901,25
15.848,23.9618,25
14.3153,22.677,25
12.3192,22.8024,25
10.3345,22.5557,25
10.3455,20.5558,25
9.09781,18.9927,25
9.19093,16.9949,25
10.726,15.7129,25
10.9404,13.7244,25
10.7188,11.7368,25
10.303,9.78045,25
8.51274,8.88888,25
8.32701,6.89753,25
6.94923,5.4478,25
5,5,25
24.3605,30.2285,26
23.4125,28.4674,26
22.457,26.7105,26
20.4619,26.8508,26
18.4621,26.8798,26
16.8545,25.6901,26
15.848,23.9618,26
14.3153,22.677,26
12.3192,22.8024,26
10.3345,22.5557,26
10.3455,20.5558,26
9.09781,18.9927,26
9.19093,16.9949,26
10.726,15.7129,26
10.9404,13.7244,26
10.7188,11.7368,26
10.303,9.78045,26
8.51274,8.88888,26
8.32701,6.89753,26
6.94923,5.4478,26
5,5,26
26.2601,30.854,27
24.3605,30.2285,27
23.4125,28.4674,27
22.457,26.7105,27
20.4619,26.8508,27
18.4621,26.8798,27
16.8545,25.6901,27
15.848,23.9618,27
14.3153,22.677,27
12.3192,22.8024,27
10.3345,22.5557,27
10.3455,20.5558,27
9.09781,18.9927,27
9.19093,16.9949,27
10.726,15.7129,27
10.9404,13.7244,27
10.7188,11.7368,27
10.303,9.78045,27
8.51274,8.88888,27
8.32701,6.89753,27
6.94923,5.4478,27
5,5,27
26.4217,32.8475,28
26.2601,30.854,28
24.3605,30.2285,28
23.4125,28.4674,28
22.457,26.7105,28
20.4619,26.8508,28
18.4621,26.8798,28
16.8545,25.6901,28
15.848,23.9618,28
14.3153,22.677,28
12.3192,22.8024,28
10.3345,22.5557,28
10.3455,20.5558,28
9.09781,18.9927,28
9.19093,16.9949,28
10.726,15.7129,28
10.9404,13.7244,28
10.7188,11.7368,28
10.303,9.78045,28
8.51274,8.88888,28
8.32701,6.89753,28
6.94923,5.4478,28
5,5,28
26.2601,30.854,29
24.3605,30.2285,29
23.4125,28.4674,29
22.457,26.7105,29
20.4619,26.8508,29
18.4621,26.8798,29
16.8545,25.6901,29
15.848,23.9618,29
14.3153,22.677,29
12.3192,22.8024,29
10.3345,22.5557,29
10.3455,20.5558,29
9.09781,18.9927,29
9.19093,16.9949,29
10.726,15.7129,29
10.9404,13.7244,29
10.7188,11.7368,29
10.303,9.78045,29
8.51274,8.88888,29
8.32701,6.89753,29
6.94923,5.4478,29
5,5,29
25.696,34.7112,30
26.4217,32.8475,30
26.2601,30.854,30
24.3605,30.2285,30
23.4125,28.4674,30
22.457,26.7105,30
20.4619,26.8508,30
18.4621,26.8798,30
16.8545,25.6901,30
15.848,23.9618,30
14.3153,22.677,30
12.3192,22.8024,30
10.3345,22.5557,30
10.3455,20.5558,30
9.09781,18.9927,30
9.19093,16.9949,30
10.726,15.7129,30
10.9404,13.7244,30
10.7188,11.7368,30
10.303,9.78045,30
8.51274,8.88888,30
8.32701,6.89753,30
6.94923,5.4478,30
5,5,30
26.9488,36.2702,31
25.696,34.7112,31
26.4217,32.8475,31
26.2601,30.854,31
24.3605,30.2285,31
23.4125,28.4674,31
22.457,26.7105,31
20.4619,26.8508,31
18.4621,26.8798,31
16.8545,25.6901,31
15.848,23.9618,31
14.3153,22.677,31
12.3192,22.8024,31
10.3345,22.5557,31
10.3455,20.5558,31
9.09781,18.9927,31
9.19093,16.9949,31
10.726,15.7129,31
10.9404,13.7244,31
10.7188,11.7368,31
10.303,9.78045,31
8.51274,8.88888,31
8.32701,6.89753,31
6.94923,5.4478,31
5,5,31
28.5888,37.415,32
26.9488,36.2702,32
25.696,34.7112,32
26.4217,32.8475,32
26.2601,30.854,32
24.3605,30.2285,32
23.4125,28.4674,32
22.457,26.7105,32
20.4619,26.8508,32
18.4621,26.8798,32
16.8545,25.6901,32
15.848,23.9618,32
14.3153,22.677,32
12.3192,22.8024,32
10.3345,22.5557,32
10.3455,20.5558,32
9.09781,18.9927,32
9.19093,16.9949,32
10.726,15.7129,32
10.9404,13.7244,32
10.7188,11.7368,32
10.303,9.78045,32
8.51274,8.88888,32
8.32701,6.89753,32
6.94923,5.4478,32
5,5,32
25.8045,24.6238,33
24.3062,25.9485,33
22.457,26.7105,33
20.4619,26.8508,33
18.4621,26.8798,33
16.8545,25.6901,33
15.848,23.9618,33
14.3153,22.677,33
12.3192,22.8024,33
10.3345,22.5557,33
10.3455,20.5558,33
9.09781,18.9927,33
9.19093,16.9949,33
10.726,15.7129,33
10.9404,13.7244,33
10.7188,11.7368,33
10.303,9.78045,33
8.51274,8.88888,33
8.32701,6.89753,33
6.94923,5.4478,33
5,5,33
28.917,39.3878,34
28.5888,37.415,34
26.9488,36.2702,34
25.696,34.7112,34
26.4217,32.8475,34
26.2601,30.854,34
24.3605,30.2285,34
23.4125,28.4674,34
22.457,26.7105,34
20.4619,26.8508,34
18.4621,26.8798,34
16.8545,25.6901,34
15.848,23.9618,34
14.3153,22.677,34
12.3192,22.8024,34
10.3345,22.5557,34
10.3455,20.5558,34
9.09781,18.9927,34
9.19093,16.9949,34
10.726,15.7129,34
10.9404,13.7244,34
10.7188,11.7368,34
10.303,9.78045,34
8.51274,8.88888,34
8.32701,6.89753,34
6.94923,5.4478,34
5,5,34
30.5682,40.5164,35
28.917,39.3878,35
28.5888,37.415,35
26.9488,36.2702,35
25.696,34.7112,35
26.4217,32.8475,35
26.2601,30.854,35
24.3605,30.2285,35
23.4125,28.4674,35
22.457,26.7105,35
20.4619,26.8508,35
18.4621,26.8798,35
16.8545,25.6901,35
15.848,23.9618,35
14.3153,22.677,35
12.3192,22.8024,35
10.3345,22.5557,35
10.3455,20.5558,35
9.09781,18.9927,35
9.19093,16.9949,35
10.726,15.7129,35
10.9404,13.7244,35
10.7188,11.7368,35
10.303,9.78045,35
8.51274,8.88888,35
8.32701,6.89753,35
6.94923,5.4478,35
5,5,35
30.5682,40.5164,36
28.917,39.3878,36
28.5888,37.415,36
26.9488,36.2702,36
25.696,34.7112,36
26.4217,32.8475,36
26.2601,30.854,36
24.3605,30.2285,36
23.4125,28.4674,36
22.457,26.7105,36
20.4619,26.8508,36
18.4621,26.8798,36
16.8545,25.6901,36
15.848,23.9618,36
14.3153,22.677,36
12.3192,22.8024,36
10.3345,22.5557,36
10.3455,20.5558,36
9.09781,18.9927,36
9.19093,16.9949,36
10.726,15.7129,36
10.9404,13.7244,36
10.7188,11.7368,36
10.303,9.78045,36
8.51274,8.88888,36
8.32701,6.89753,36
6.94923,5.4478,36
5,5,36
30.5853,42.5163,37
30.5682,40.5164,37
28.917,39.3878,37
28.5888,37.415,37
26.9488,36.2702,37
25.696,34.7112,37
26.4217,32.8475,37
26.2601,30.854,37
24.3605,30.2285,37
23.4125,28.4674,37
22.457,26.7105,37
20.4619,26.8508,37
18.4621,26.8798,37
16.8545,25.6901,37
15.848,23.9618,37
14.3153,22.677,37
12.3192,22.8024,37
10.3345,22.5557,37
10.3455,20.5558,37
9.09781,18.9927,37
9.19093,16.9949,37
10.726,15.7129,37
10.9404,13.7244,37
10.7188,11.7368,37
10.303,9.78045,37
8.51274,8.88888,37
8.32701,6.89753,37
6.94923,5.4478,37
5,5,37
29.2662,44.0197,38
30.5853,42.5163,38
30.5682,40.5164,38
28.917,39.3878,38
28.5888,37.415,38
26.9488,36.2702,38
25.696,34.7112,38
26.4217,32.8475,38
26.2601,30.854,38
24.3605,30.2285,38
23.4125,28.4674,38
22.457,26.7105,38
20.4619,26.8508,38
18.4621,26.8798,38
16.8545,25.6901,38
15.848,23.9618,38
14.3153,22.677,38
12.3192,22.8024,38
10.3345,22.5557,38
10.3455,20.5558,38
9.09781,18.9927,38
9.19093,16.9949,38
10.726,15.7129,38
10.9404,13.7244,38
10.7188,11.7368,38
10.303,9.78045,38
8.51274,8.88888,38
8.32701,6.89753,38
6.94923,5.4478,38
5,5,38
27.9601,45.5343,39
29.2662,44.0197,39
30.5853,42.5163,39
30.5682,40.5164,39
28.917,39.3878,39
28.5888,37.415,39
26.9488,36.2702,39
25.696,34.7112,39
26.4217,32.8475,39
26.2601,30.854,39
24.3605,30.2285,39
23.4125,28.4674,39
22.457,26.7105,39
20.4619,26.8508,39
18.4621,26.8798,39
16.8545,25.6901,39
15.848,23.9618,39
14.3153,22.677,39
12.3192,22.8024,39
10.3345,22.5557,39
10.3455,20.5558,39
9.09781,18.9927,39
9.19093,16.9949,39
10.726,15.7129,39
10.9404,13.7244,39
10.7188,11.7368,39
10.303,9.78045,39
8.51274,8.88888,39
8.32701,6.89753,39
6.94923,5.4478,39
5,5,39
32.5226,40.092,40
30.5682,40.5164,40
28.917,39.3878,40
28.5888,37.415,40
26.9488,36.2702,40
25.696,34.7112,40
26.4217,32.8475,40
26.2601,30.854,40
24.3605,30.2285,40
23.4125,28.4674,40
22.457,26.7105,40
20.4619,26.8508,40
18.4621,26.8798,40
16.8545,25.6901,40
15.848,23.9618,40
14.3153,22.677,40
12.3192,22.8024,40
10.3345,22.5557,40
10.3455,20.5558,40
9.09781,18.9927,40
9.19093,16.9949,40
10.726,15.7129,40
10.9404,13.7244,40
10.7188,11.7368,40
10.303,9.78045,40
8.51274,8.88888,40
8.32701,6.89753,40
6.94923,5.4478,40
5,5,40
27.7258,24.0682,41
25.8045,24.6238,41
24.3062,25.9485,41
22.457,26.7105,41
20.4619,26.8508,41
18.4621,26.8798,41
16.8545,25.6901,41
15.848,23.9618,41
14.3153,22.677,41
12.3192,22.8024,41
10.3345,22.5557,41
10.3455,20.5558,41
9.09781,18.9927,41
9.19093,16.9949,41
10.726,15.7129,41
10.9404,13.7244,41
10.7188,11.7368,41
10.303,9.78045,41
8.51274,8.88888,41
8.32701,6.89753,41
6.94923,5.4478,41
5,5,41
30.5853,42.5163,42
30.5682,40.5164,42
28.917,39.3878,42
28.5888,37.415,42
26.9488,36.2702,42
25.696,34.7112,42
26.4217,32.8475,42
26.2601,30.854,42
24.3605,30.2285,42
23.4125,28.4674,42
22.457,26.7105,42
20.4619,26.8508,42
18.4621,26.8798,42
16.8545,25.6901,42
15.848,23.9618,42
14.3153,22.677,42
12.3192,22.8024,42
10.3345,22.5557,42
10.3455,20.5558,42
9.09781,18.9927,42
9.19093,16.9949,42
10.726,15.7129,42
10.9404,13.7244,42
10.7188,11.7368,42
10.303,9.78045,42
8.51274,8.88888,42
8.32701,6.89753,42
6.94923,5.4478,42
5,5,42
27.0333,47.3066,43
27.9601,45.5343,43
29.2662,44.0197,43
30.5853,42.5163,43
30.5682,40.5164,43
28.917,39.3878,43
28.5888,37.415,43
26.9488,36.2702,43
25.696,34.7112,43
26.4217,32.8475,43
26.2601,30.854,43
24.3605,30.2285,43
23.4125,28.4674,43
22.457,26.7105,43
20.4619,26.8508,43
18.4621,26.8798,43
16.8545,25.6901,43
15.848,23.9618,43
14.3153,22.677,43
12.3192,22.8024,43
10.3345,22.5557,43
10.3455,20.5558,43
9.09781,18.9927,43
9.19093,16.9949,43
10.726,15.7129,43
10.9404,13.7244,43
10.7188,11.7368,43
10.303,9.78045,43
8.51274,8.88888,43
8.32701,6.89753,43
6.94923,5.4478,43
5,5,43
9.09781,18.9927,44
9.19093,16.9949,44
10.726,15.7129,44
10.9404,13.7244,44
10.7188,11.7368,44
10.303,9.78045,44
8.51274,8.88888,44
8.32701,6.89753,44
6.94923,5.4478,44
5,5,44
34.3704,40.8574,45
32.5226,40.092,45
30.5682,40.5164,45
28.917,39.3878,45
28.5888,37.415,45
26.9488,36.2702,45
25.696,34.7112,45
26.4217,32.8475,45
26.2601,30.854,45
24.3605,30.2285,45
23.4125,28.4674,45
22.457,26.7105,45
20.4619,26.8508,45
18.4621,26.8798,45
16.8545,25.6901,45
15.848,23.9618,45
14.3153,22.677,45
12.3192,22.8024,45
10.3345,22.5557,45
10.3455,20.5558,45
9.09781,18.9927,45
9.19093,16.9949,45
10.726,15.7129,45
10.9404,13.7244,45
10.7188,11.7368,45
10.303,9.78045,45
8.51274,8.88888,45
8.32701,6.89753,45
6.94923,5.4478,45
5,5,45
27.8514,49.1316,46
27.0333,47.3066,46
27.9601,45.5343,46
29.2662,44.0197,46
30.5853,42.5163,46
30.5682,40.5164,46
28.917,39.3878,46
28.5888,37.415,46
26.9488,36.2702,46
25.696,34.7112,46
26.4217,32.8475,46
26.2601,30.854,46
24.3605,30.2285,46
23.4125,28.4674,46
22.457,26.7105,46
20.4619,26.8508,46
18.4621,26.8798,46
16.8545,25.6901,46
15.848,23.9618,46
14.3153,22.677,46
12.3192,22.8024,46
10.3345,22.5557,46
10.3455,20.5558,46
9.09781,18.9927,46
9.19093,16.9949,46
10.726,15.7129,46
10.9404,13.7244,46
10.7188,11.7368,46
10.303,9.78045,46
8.51274,8.88888,46
8.32701,6.89753,46
6.94923,5.4478,46
5,5,46
36.281,40.2663,47
34.3704,40.8574,47
32.5226,40.092,47
30.5682,40.5164,47
28.917,39.3878,47
28.5888,37.415,47
26.9488,36.2702,47
25.696,34.7112,47
26.4217,32.8475,47
26.2601,30.854,47
24.3605,30.2285,47
23.4125,28.4674,47
22.457,26.7105,47
20.4619,26.8508,47
18.4621,26.8798,47
16.8545,25.6901,47
15.848,23.9618,47
14.3153,22.677,47
12.3192,22.8024,47
10.3345,22.5557,47
10.3455,20.5558,47
9.09781,18.9927,47
9.19093,16.9949,47
10.726,15.7129,47
10.9404,13.7244,47
10.7188,11.7368,47
10.303,9.78045,47
8.51274,8.88888,47
8.32701,6.89753,47
6.94923,5.4478,47
5,5,47
29.5229,23.1904,48
27.7258,24.0682,48
25.8045,24.6238,48
24.3062,25.9485,48
22.457,26.7105,48
20.4619,26.8508,48
18.4621,26.8798,48
16.8545,25.6901,48
15.848,23.9618,48
14.3153,22.677,48
12.3192,22.8024,48
10.3345,22.5557,48
10.3455,20.5558,48
9.09781,18.9927,48
9.19093,16.9949,48
10.726,15.7129,48
10.9404,13.7244,48
10.7188,11.7368,48
10.303,9.78045,48
8.51274,8.88888,48
8.32701,6.89753,48
6.94923,5.4478,48
5,5,48
31.4197,22.5563,49
29.5229,23.1904,49
27.7258,24.0682,49
25.8045,24.6238,49
24.3062,25.9485,49
22.457,26.7105,49
20.4619,26.8508,49
18.4621,26.8798,49
16.8545,25.6901,49
15.848,23.9618,49
14.3153,22.677,49
12.3192,22.8024,49
10.3345,22.5557,49
10.3455,20.5558,49
9.09781,18.9927,49
9.19093,16.9949,49
10.726,15.7129,49
10.9404,13.7244,49
10.7188,11.7368,49
10.303,9.78045,49
8.51274,8.88888,49
8.32701,6.89753,49
6.94923,5.4478,49
5,5,49
37.8218,41.5414,50
36.281,40.2663,50
34.3704,40.8574,50
32.5226,40.092,50
30.5682,40.5164,50
28.917,39.3878,50
28.5888,37.415,50
26.9488,36.2702,50
25.696,34.7112,50
26.4217,32.8475,50
26.2601,30.854,50
24.3605,30.2285,50
23.4125,28.4674,50
22.457,26.7105,50
20.4619,26.8508,50
18.4621,26.8798,50
16.8545,25.6901,50
15.848,23.9618,50
14.3153,22.677,50
12.3192,22.8024,50
10.3345,22.5557,50
10.3455,20.5558,50
9.09781,18.9927,50
9.19093,16.9949,50
10.726,15.7129,50
10.9404,13.7244,50
10.7188,11.7368,50
10.303,9.78045,50
8.51274,8.88888,50
8.32701,6.89753,50
6.94923,5.4478,50
5,5,50
27.5358,51.1065,51
27.8514,49.1316,51
27.0333,47.3066,51
27.9601,45.5343,51
29.2662,44.0197,51
30.5853,42.5163,51
30.5682,40.5164,51
28.917,39.3878,51
28.5888,37.415,51
26.9488,36.2702,51
25.696,34.7112,51
26.4217,32.8475,51
26.2601,30.854,51
24.3605,30.2285,51
23.4125,28.4674,51
22.457,26.7105,51
20.4619,26.8508,51
18.4621,26.8798,51
16.8545,25.6901,51
15.848,23.9618,51
14.3153,22.677,51
12.3192,22.8024,51
10.3345,22.5557,51
10.3455,20.5558,51
9.09781,18.9927,51
9.19093,16.9949,51
10.726,15.7129,51
10.9404,13.7244,51
10.7188,11.7368,51
10.303,9.78045,51
8.51274,8.88888,51
8.32701,6.89753,51
6.94923,5.4478,51
5,5,51
39.5236,42.5921,52
37.8218,41.5414,52
36.281,40.2663,52
34.3704,40.8574,52
32.5226,40.092,52
30.5682,40.5164,52
28.917,39.3878,52
28.5888,37.415,52
26.9488,36.2702,52
25.696,34.7112,52
26.4217,32.8475,52
26.2601,30.854,52
24.3605,30.2285,52
23.4125,28.4674,52
22.457,26.7105,52
20.4619,26.8508,52
18.4621,26.8798,52
16.8545,25.6901,52
15.848,23.9618,52
14.3153,22.677,52
12.3192,22.8024,52
10.3345,22.5557,52
10.3455,20.5558,52
9.09781,18.9927,52
9.19093,16.9949,52
10.726,15.7129,52
10.9404,13.7244,52
10.7188,11.7368,52
10.303,9.78045,52
8.51274,8.88888,52
8.32701,6.89753,52
6.94923,5.4478,52
5,5,52
12.3192,22.8024,53
10.3345,22.5557,53
10.3455,20.5558,53
9.09781,18.9927,53
9.19093,16.9949,53
10.726,15.7129,53
10.9404,13.7244,53
10.7188,11.7368,53
10.303,9.78045,53
8.51274,8.88888,53
8.32701,6.89753,53
6.94923,5.4478,53
5,5,53
41.4864,42.2082,54
39.5236,42.5921,54
37.8218,41.5414,54
36.281,40.2663,54
34.3704,40.8574,54
32.5226,40.092,54
30.5682,40.5164,54
28.917,39.3878,54
28.5888,37.415,54
26.9488,36.2702,54
25.696,34.7112,54
26.4217,32.8475,54
26.2601,30.854,54
24.3605,30.2285,54
23.4125,28.4674,54
22.457,26.7105,54
20.4619,26.8508,54
18.4621,26.8798,54
16.8545,25.6901,54
15.848,23.9618,54
14.3153,22.677,54
12.3192,22.8024,54
10.3345,22.5557,54
10.3455,20.5558,54
9.09781,18.9927,54
9.19093,16.9949,54
10.726,15.7129,54
10.9404,13.7244,54
10.7188,11.7368,54
10.303,9.78045,54
8.51274,8.88888,54
8.32701,6.89753,54
6.94923,5.4478,54
5,5,54
43.3972,41.6178,55
41.4864,42.2082,55
39.5236,42.5921,55
37.8218,41.5414,55
36.281,40.2663,55
34.3704,40.8574,55
32.5226,40.092,55
30.5682,40.5164,55
28.917,39.3878,55
28.5888,37.415,55
26.9488,36.2702,55
25.696,34.7112,55
26.4217,32.8475,55
26.2601,30.854,55
24.3605,30.2285,55
23.4125,28.4674,55
22.457,26.7105,55
20.4619,26.8508,55
18.4621,26.8798,55
16.8545,25.6901,55
15.848,23.9618,55
14.3153,22.677,55
12.3192,22.8024,55
10.3345,22.5557,55
10.3455,20.5558,55
9.09781,18.9927,55
9.19093,16.9949,55
10.726,15.7129,55
10.9404,13.7244,55
10.7188,11.7368,55
10.303,9.78045,55
8.51274,8.88888,55
8.32701,6.89753,55
6.94923,5.4478,55
5,5,55
26.0495,52.4448,56
27.5358,51.1065,56
27.8514,49.1316,56
27.0333,47.3066,56
27.9601,45.5343,56
29.2662,44.0197,56
30.5853,42.5163,56
30.5682,40.5164,56
28.917,39.3878,56
28.5888,37.415,56
26.9488,36.2702,56
25.696,34.7112,56
26.4217,32.8475,56
26.2601,30.854,56
24.3605,30.2285,56
23.4125,28.4674,56
22.457,26.7105,56
20.4619,26.8508,56
18.4621,26.8798,56
16.8545,25.6901,56
15.848,23.9618,56
14.3153,22.677,56
12.3192,22.8024,56
10.3345,22.5557,56
10.3455,20.5558,56
9.09781,18.9927,56
9.19093,16.9949,56
10.726,15.7129,56
10.9404,13.7244,56
10.7188,11.7368,56
10.303,9.78045,56
8.51274,8.88888,56
8.32701,6.89753,56
6.94923,5.4478,56
5,5,56
26.5074,54.3917,57
26.0495,52.4448,57
27.5358,51.1065,57
27.8514,49.1316,57
27.0333,47.3066,57
27.9601,45.5343,57
29.2662,44.0197,57
30.5853,42.5163,57
30.5682,40.5164,57
28.917,39.3878,57
28.5888,37.415,57
26.9488,36.2702,57
25.696,34.7112,57
26.4217,32.8475,57
26.2601,30.854,57
24.3605,30.2285,57
23.4125,28.4674,57
22.457,26.7105,57
20.4619,26.8508,57
18.4621,26.8798,57
16.8545,25.6901,57
15.848,23.9618,57
14.3153,22.677,57
12.3192,22.8024,57
10.3345,22.5557,57
10.3455,20.5558,57
9.09781,18.9927,57
9.19093,16.9949,57
10.726,15.7129,57
10.9404,13.7244,57
10.7188,11.7368,57
10.303,9.78045,57
8.51274,8.88888,57
8.32701,6.89753,57
6.94923,5.4478,57
5,5,57
41.4864,42.2082,58
39.5236,42.5921,58
37.8218,41.5414,58
36.281,40.2663,58
34.3704,40.8574,58
32.5226,40.092,58
30.5682,40.5164,58
28.917,39.3878,58
28.5888,37.415,58
26.9488,36.2702,58
25.696,34.7112,58
26.4217,32.8475,58
26.2601,30.854,58
24.3605,30.2285,58
23.4125,28.4674,58
22.457,26.7105,58
20.4619,26.8508,58
18.4621,26.8798,58
16.8545,25.6901,58
15.848,23.9618,58
14.3153,22.677,58
12.3192,22.8024,58
10.3345,22.5557,58
10.3455,20.5558,58
9.09781,18.9927,58
9.19093,16.9949,58
10.726,15.7129,58
10.9404,13.7244,58
10.7188,11.7368,58
10.303,9.78045,58
8.51274,8.88888,58
8.32701,6.89753,58
6.94923,5.4478,58
5,5,58
25.7113,56.2265,59
26.5074,54.3917,59
26.0495,52.4448,59
27.5358,51.1065,59
27.8514,49.1316,59
27.0333,47.3066,59
27.9601,45.5343,59
29.2662,44.0197,59
30.5853,42.5163,59
30.5682,40.5164,59
28.917,39.3878,59
28.5888,37.415,59
26.9488,36.2702,59
25.696,34.7112,59
26.4217,32.8475,59
26.2601,30.854,59
24.3605,30.2285,59
23.4125,28.4674,59
22.457,26.7105,59
20.4619,26.8508,59
18.4621,26.8798,59
16.8545,25.6901,59
15.848,23.9618,59
14.3153,22.677,59
12.3192,22.8024,59
10.3345,22.5557,59
10.3455,20.5558,59
9.09781,18.9927,59
9.19093,16.9949,59
10.726,15.7129,59
10.9404,13.7244,59
10.7188,11.7368,59
10.303,9.78045,59
8.51274,8.88888,59
8.32701,6.89753,59
6.94923,5.4478,59
5,5,59
45.0676,40.5178,60
43.3972,41.6178,60
41.4864,42.2082,60
39.5236,42.5921,60
37.8218,41.5414,60
36.281,40.2663,60
34.3704,40.8574,60
32.5226,40.092,60
30.5682,40.5164,60
28.917,39.3878,60
28.5888,37.415,60
26.9488,36.2702,60
25.696,34.7112,60
26.4217,32.8475,60
26.2601,30.854,60
24.3605,30.2285,60
23.4125,28.4674,60
22.457,26.7105,60
20.4619,26.8508,60
18.4621,26.8798,60
16.8545,25.6901,60
15.848,23.9618,60
14.3153,22.677,60
12.3192,22.8024,60
10.3345,22.5557,60
10.3455,20.5558,60
9.09781,18.9927,60
9.19093,16.9949,60
10.726,15.7129,60
10.9404,13.7244,60
10.7188,11.7368,60
10.303,9.78045,60
8.51274,8.88888,60
8.32701,6.89753,60
6.94923,5.4478,60
5,5,60
46.923,41.2644,61
45.0676,40.5178,61
43.3972,41.6178,61
41.4864,42.2082,61
39.5236,42.5921,61
37.8218,41.5414,61
36.281,40.2663,61
34.3704,40.8574,61
32.5226,40.092,61
30.5682,40.5164,61
28.917,39.3878,61
28.5888,37.415,61
26.9488,36.2702,61
25.696,34.7112,61
26.4217,32.8475,61
26.2601,30.854,61
24.3605,30.2285,61
23.4125,28.4674,61
22.457,26.7105,61
20.4619,26.8508,61
18.4621,26.8798,61
16.8545,25.6901,61
15.848,23.9618,61
14.3153,22.677,61
12.3192,22.8024,61
10.3345,22.5557,61
10.3455,20.5558,61
9.09781,18.9927,61
9.19093,16.9949,61
10.726,15.7129,61
10.9404,13.7244,61
10.7188,11.7368,61
10.303,9.78045,61
8.51274,8.88888,61
8.32701,6.89753,61
6.94923,5.4478,61
5,5,61
25.8045,24.6238,62
24.3062,25.9485,62
22.457,26.7105,62
20.4619,26.8508,62
18.4621,26.8798,62
16.8545,25.6901,62
15.848,23.9618,62
14.3153,22.677,62
12.3192,22.8024,62
10.3345,22.5557,62
10.3455,20.5558,62
9.09781,18.9927,62
9.19093,16.9949,62
10.726,15.7129,62
10.9404,13.7244,62
10.7188,11.7368,62
10.303,9.78045,62
8.51274,8.88888,62
8.32701,6.89753,62
6.94923,5.4478,62
5,5,62
33.3229,21.9415,63
31.4197,22.5563,63
29.5229,23.1904,63
27.7258,24.0682,63
25.8045,24.6238,63
24.3062,25.9485,63
22.457,26.7105,63
20.4619,26.8508,63
18.4621,26.8798,63
16.8545,25.6901,63
15.848,23.9618,63
14.3153,22.677,63
12.3192,22.8024,63
10.3345,22.5557,63
10.3455,20.5558,63
9.09781,18.9927,63
9.19093,16.9949,63
10.726,15.7129,63
10.9404,13.7244,63
10.7188,11.7368,63
10.303,9.78045,63
8.51274,8.88888,63
8.32701,6.89753,63
6.94923,5.4478,63
5,5,63
48.8354,40.6791,64
46.923,41.2644,64
45.0676,40.5178,64
43.3972,41.6178,64
41.4864,42.2082,64
39.5236,42.5921,64
37.8218,41.5414,64
36.281,40.2663,64
34.3704,40.8574,64
32.5226,40.092,64
30.5682,40.5164,64
28.917,39.3878,64
28.5888,37.415,64
26.9488,36.2702,64
25.696,34.7112,64
26.4217,32.8475,64
26.2601,30.854,64
24.3605,30.2285,64
23.4125,28.4674,64
22.457,26.7105,64
20.4619,26.8508,64
18.4621,26.8798,64
16.8545,25.6901,64
15.848,23.9618,64
14.3153,22.677,64
12.3192,22.8024,64
10.3345,22.5557,64
10.3455,20.5558,64
9.09781,18.9927,64
9.19093,16.9949,64
10.726,15.7129,64
10.9404,13.7244,64
10.7188,11.7368,64
10.303,9.78045,64
8.51274,8.88888,64
8.32701,6.89753,64
6.94923,5.4478,64
5,5,64
34.8578,20.6594,65
33.3229,21.9415,65
31.4197,22.5563,65
29.5229,23.1904,65
27.7258,24.0682,65
25.8045,24.6238,65
24.3062,25.9485,65
22.457,26.7105,65
20.4619,26.8508,65
18.4621,26.8798,65
16.8545,25.6901,65
15.848,23.9618,65
14.3153,22.677,65
12.3192,22.8024,65
10.3345,22.5557,65
10.3455,20.5558,65
9.09781,18.9927,65
9.19093,16.9949,65
10.726,15.7129,65
10.9404,13.7244,65
10.7188,11.7368,65
10.303,9.78045,65
8.51274,8.88888,65
8.32701,6.89753,65
6.94923,5.4478,65
5,5,65
50.7336,40.0492,66
48.8354,40.6791,66
46.923,41.2644,66
45.0676,40.5178,66
43.3972,41.6178,66
41.4864,42.2082,66
39.5236,42.5921,66
37.8218,41.5414,66
36.281,40.2663,66
34.3704,40.8574,66
32.5226,40.092,66
30.5682,40.5164,66
28.917,39.3878,66
28.5888,37.415,66
26.9488,36.2702,66
25.696,34.7112,66
26.4217,32.8475,66
26.2601,30.854,66
24.3605,30.2285,66
23.4125,28.4674,66
22.457,26.7105,66
20.4619,26.8508,66
18.4621,26.8798,66
16.8545,25.6901,66
15.848,23.9618,66
14.3153,22.677,66
12.3192,22.8024,66
10.3345,22.5557,66
10.3455,20.5558,66
9.09781,18.9927,66
9.19093,16.9949,66
10.726,15.7129,66
10.9404,13.7244,66
10.7188,11.7368,66
10.303,9.78045,66
8.51274,8.88888,66
8.32701,6.89753,66
6.94923,5.4478,66
5,5,66
50.7336,40.0492,67
48.8354,40.6791,67
46.923,41.2644,67
45.0676,40.5178,67
43.3972,41.6178,67
41.4864,42.2082,67
39.5236,42.5921,67
37.8218,41.5414,67
36.281,40.2663,67
34.3704,40.8574,67
32.5226,40.092,67
30.5682,40.5164,67
28.917,39.3878,67
28.5888,37.415,67
26.9488,36.2702,67
25.696,34.7112,67
26.4217,32.8475,67
26.2601,30.854,67
24.3605,30.2285,67
23.4125,28.4674,67
22.457,26.7105,67
20.4619,26.8508,67
18.4621,26.8798,67
16.8545,25.6901,67
15.848,23.9618,67
14.3153,22.677,67
12.3192,22.8024,67
10.3345,22.5557,67
10.3455,20.5558,67
9.09781,18.9927,67
9.19093,16.9949,67
10.726,15.7129,67
10.9404,13.7244,67
10.7188,11.7368,67
10.303,9.78045,67
8.51274,8.88888,67
8.32701,6.89753,67
6.94923,5.4478,67
5,5,67
52.5523,39.2171,68
50.7336,40.0492,68
48.8354,40.6791,68
46.923,41.2644,68
45.0676,40.5178,68
43.3972,41.6178,68
41.4864,42.2082,68
39.5236,42.5921,68
37.8218,41.5414,68
36.281,40.2663,68
34.3704,40.8574,68
32.5226,40.092,68
30.5682,40.5164,68
28.917,39.3878,68
28.5888,37.415,68
26.9488,36.2702,68
25.696,34.7112,68
26.4217,32.8475,68
26.2601,30.854,68
24.3605,30.2285,68
23.4125,28.4674,68
22.457,26.7105,68
20.4619,26.8508,68
18.4621,26.8798,68
16.8545,25.6901,68
15.848,23.9618,68
14.3153,22.677,68
12.3192,22.8024,68
10.3345,22.5557,68
10.3455,20.5558,68
9.09781,18.9927,68
9.19093,16.9949,68
10.726,15.7129,68
10.9404,13.7244,68
10.7188,11.7368,68
10.303,9.78045,68
8.51274,8.88888,68
8.32701,6.89753,68
6.94923,5.4478,68
5,5,68
25.7113,56.2265,69
26.5074,54.3917,69
26.0495,52.4448,69
27.5358,51.1065,69
27.8514,49.1316,69
27.0333,47.3066,69
27.9601,45.5343,69
29.2662,44.0197,69
30.5853,42.5163,69
30.5682,40.5164,69
28.917,39.3878,69
28.5888,37.415,69
26.9488,36.2702,69
25.696,34.7112,69
26.4217,32.8475,69
26.2601,30.854,69
24.3605,30.2285,69
23.4125,28.4674,69
22.457,26.7105,69
20.4619,26.8508,69
18.4621,26.8798,69
16.8545,25.6901,69
15.848,23.9618,69
14.3153,22.677,69
12.3192,22.8024,69
10.3345,22.5557,69
10.3455,20.5558,69
9.09781,18.9927,69
9.19093,16.9949,69
10.726,15.7129,69
10.9404,13.7244,69
10.7188,11.7368,69
10.303,9.78045,69
8.51274,8.88888,69
8.32701,6.89753,69
6.94923,5.4478,69
5,5,69
53.7057,37.5832,70
52.5523,39.2171,70
50.7336,40.0492,70
48.8354,40.6791,70
46.923,41.2644,70
45.0676,40.5178,70
43.3972,41.6178,70
41.4864,42.2082,70
39.5236,42.5921,70
37.8218,41.5414,70
36.281,40.2663,70
34.3704,40.8574,70
32.5226,40.092,70
30.5682,40.5164,70
28.917,39.3878,70
28.5888,37.415,70
26.9488,36.2702,70
25.696,34.7112,70
26.4217,32.8475,70
26.2601,30.854,70
24.3605,30.2285,70
23.4125,28.4674,70
22.457,26.7105,70
20.4619,26.8508,70
18.4621,26.8798,70
16.8545,25.6901,70
15.848,23.9618,70
14.3153,22.677,70
12.3192,22.8024,70
10.3345,22.5557,70
10.3455,20.5558,70
9.09781,18.9927,70
9.19093,16.9949,70
10.726,15.7129,70
10.9404,13.7244,70
10.7188,11.7368,70
10.303,9.78045,70
8.51274,8.88888,70
8.32701,6.89753,70
6.94923,5.4478,70
5,5,70
51.9663,41.6242,71
50.7336,40.0492,71
48.8354,40.6791,71
46.923,41.2644,71
45.0676,40.5178,71
43.3972,41.6178,71
41.4864,42.2082,71
39.5236,42.5921,71
37.8218,41.5414,71
36.281,40.2663,71
34.3704,40.8574,71
32.5226,40.092,71
30.5682,40.5164,71
28.917,39.3878,71
28.5888,37.415,71
26.9488,36.2702,71
25.696,34.7112,71
26.4217,32.8475,71
26.2601,30.854,71
24.3605,30.2285,71
23.4125,28.4674,71
22.457,26.7105,71
20.4619,26.8508,71
18.4621,26.8798,71
16.8545,25.6901,71
15.848,23.9618,71
14.3153,22.677,71
12.3192,22.8024,71
10.3345,22.5557,71
10.3455,20.5558,71
9.09781,18.9927,71
9.19093,16.9949,71
10.726,15.7129,71
10.9404,13.7244,71
10.7188,11.7368,71
10.303,9.78045,71
8.51274,8.88888,71
8.32701,6.89753,71
6.94923,5.4478,71
5,5,71
26.6009,58.0178,72
25.7113,56.2265,72
26.5074,54.3917,72
26.0495,52.4448,72
27.5358,51.1065,72
27.8514,49.1316,72
27.0333,47.3066,72
27.9601,45.5343,72
29.2662,44.0197,72
30.5853,42.5163,72
30.5682,40.5164,72
28.917,39.3878,72
28.5888,37.415,72
26.9488,36.2702,72
25.696,34.7112,72
26.4217,32.8475,72
26.2601,30.854,72
24.3605,30.2285,72
23.4125,28.4674,72
22.457,26.7105,72
20.4619,26.8508,72
18.4621,26.8798,72
16.8545,25.6901,72
15.848,23.9618,72
14.3153,22.677,72
12.3192,22.8024,72
10.3345,22.5557,72
10.3455,20.5558,72
9.09781,18.9927,72
9.19093,16.9949,72
10.726,15.7129,72
10.9404,13.7244,72
10.7188,11.7368,72
10.303,9.78045,72
8.51274,8.88888,72
8.32701,6.89753,72
6.94923,5.4478,72
5,5,72
26.5074,54.3917,73
26.0495,52.4448,73
27.5358,51.1065,73
27.8514,49.1316,73
27.0333,47.3066,73
27.9601,45.5343,73
29.2662,44.0197,73
30.5853,42.5163,73
30.5682,40.5164,73
28.917,39.3878,73
28.5888,37.415,73
26.9488,36.2702,73
25.696,34.7112,73
26.4217,32.8475,73
26.2601,30.854,73
24.3605,30.2285,73
23.4125,28.4674,73
22.457,26.7105,73
20.4619,26.8508,73
18.4621,26.8798,73
16.8545,25.6901,73
15.848,23.9618,73
14.3153,22.677,73
12.3192,22.8024,73
10.3345,22.5557,73
10.3455,20.5558,73
9.09781,18.9927,73
9.19093,16.9949,73
10.726,15.7129,73
10.9404,13.7244,73
10.7188,11.7368,73
10.303,9.78045,73
8.51274,8.88888,73
8.32701,6.89753,73
6.94923,5.4478,73
5,5,73
25.6535,22.6295,74
25.8045,24.6238,74
24.3062,25.9485,74
22.457,26.7105,74
20.4619,26.8508,74
18.4621,26.8798,74
16.8545,25.6901,74
15.848,23.9618,74
14.3153,22.677,74
12.3192,22.8024,74
10.3345,22.5557,74
10.3455,20.5558,74
9.09781,18.9927,74
9.19093,16.9949,74
10.726,15.7129,74
10.9404,13.7244,74
10.7188,11.7368,74
10.303,9.78045,74
8.51274,8.88888,74
8.32701,6.89753,74
6.94923,5.4478,74
5,5,74
25.6753,59.7907,75
26.6009,58.0178,75
25.7113,56.2265,75
26.5074,54.3917,75
26.0495,52.4448,75
27.5358,51.1065,75
27.8514,49.1316,75
27.0333,47.3066,75
27.9601,45.5343,75
29.2662,44.0197,75
30.5853,42.5163,75
30.5682,40.5164,75
28.917,39.3878,75
28.5888,37.415,75
26.9488,36.2702,75
25.696,34.7112,75
26.4217,32.8475,75
26.2601,30.854,75
24.3605,30.2285,75
23.4125,28.4674,75
22.457,26.7105,75
20.4619,26.8508,75
18.4621,26.8798,75
16.8545,25.6901,75
15.848,23.9618,75
14.3153,22.677,75
12.3192,22.8024,75
10.3345,22.5557,75
10.3455,20.5558,75
9.09781,18.9927,75
9.19093,16.9949,75
10.726,15.7129,75
10.9404,13.7244,75
10.7188,11.7368,75
10.303,9.78045,75
8.51274,8.88888,75
8.32701,6.89753,75
6.94923,5.4478,75
5,5,75
55.6279,38.1355,76
53.7057,37.5832,76
52.5523,39.2171,76
50.7336,40.0492,76
48.8354,40.6791,76
46.923,41.2644,76
45.0676,40.5178,76
43.3972,41.6178,76
41.4864,42.2082,76
39.5236,42.5921,76
37.8218,41.5414,76
36.281,40.2663,76
34.3704,40.8574,76
32.5226,40.092,76
30.5682,40.5164,76
28.917,39.3878,76
28.5888,37.415,76
26.9488,36.2702,76
25.696,34.7112,76
26.4217,32.8475,76
26.2601,30.854,76
24.3605,30.2285,76
23.4125,28.4674,76
22.457,26.7105,76
20.4619,26.8508,76
18.4621,26.8798,76
16.8545,25.6901,76
15.848,23.9618,76
14.3153,22.677,76
12.3192,22.8024,76
10.3345,22.5557,76
10.3455,20.5558,76
9.09781,18.9927,76
9.19093,16.9949,76
10.726,15.7129,76
10.9404,13.7244,76
10.7188,11.7368,76
10.303,9.78045,76
8.51274,8.88888,76
8.32701,6.89753,76
6.94923,5.4478,76
5,5,76
25.5854,61.7887,77
25.6753,59.7907,77
26.6009,58.0178,77
25.7113,56.2265,77
26.5074,54.3917,77
26.0495,52.4448,77
27.5358,51.1065,77
27.8514,49.1316,77
27.0333,47.3066,77
27.9601,45.5343,77
29.2662,44.0197,77
30.5853,42.5163,77
30.5682,40.5164,77
28.917,39.3878,77
28.5888,37.415,77
26.9488,36.2702,77
25.696,34.7112,77
26.4217,32.8475,77
26.2601,30.854,77
24.3605,30.2285,77
23.4125,28.4674,77
22.457,26.7105,77
20.4619,26.8508,77
18.4621,26.8798,77
16.8545,25.6901,77
15.848,23.9618,77
14.3153,22.677,77
12.3192,22.8024,77
10.3345,22.5557,77
10.3455,20.5558,77
9.09781,18.9927,77
9.19093,16.9949,77
10.726,15.7129,77
10.9404,13.7244,77
10.7188,11.7368,77
10.303,9.78045,77
8.51274,8.88888,77
8.32701,6.89753,77
6.94923,5.4478,77
5,5,77
57.1519,39.4307,78
55.6279,38.1355,78
53.7057,37.5832,78
52.5523,39.2171,78
50.7336,40.0492,78
48.8354,40.6791,78
46.923,41.2644,78
45.0676,40.5178,78
43.3972,41.6178,78
41.4864,42.2082,78
39.5236,42.5921,78
37.8218,41.5414,78
36.281,40.2663,78
34.3704,40.8574,78
32.5226,40.092,78
30.5682,40.5164,78
28.917,39.3878,78
28.5888,37.415,78
26.9488,36.2702,78
25.696,34.7112,78
26.4217,32.8475,78
26.2601,30.854,78
24.3605,30.2285,78
23.4125,28.4674,78
22.457,26.7105,78
20.4619,26.8508,78
18.4621,26.8798,78
16.8545,25.6901,78
15.848,23.9618,78
14.3153,22.677,78
12.3192,22.8024,78
10.3345,22.5557,78
10.3455,20.5558,78
9.09781,18.9927,78
9.19093,16.9949,78
10.726,15.7129,78
10.9404,13.7244,78
10.7188,11.7368,78
10.303,9.78045,78
8.51274,8.88888,78
8.32701,6.89753,78
6.94923,5.4478,78
5,5,78
25.5854,61.7887,79
25.6753,59.7907,79
26.6009,58.0178,79
25.7113,56.2265,79
26.5074,54.3917,79
26.0495,52.4448,79
27.5358,51.1065,79
27.8514,49.1316,79
27.0333,47.3066,79
27.9601,45.5343,79
29.2662,44.0197,79
30.5853,42.5163,79
30.5682,40.5164,79
28.917,39.3878,79
28.5888,37.415,79
26.9488,36.2702,79
25.696,34.7112,79
26.4217,32.8475,79
26.2601,30.854,79
24.3605,30.2285,79
23.4125,28.4674,79
22.457,26.7105,79
20.4619,26.8508,79
18.4621,26.8798,79
16.8545,25.6901,79
15.848,23.9618,79
14.3153,22.677,79
12.3192,22.8024,79
10.3345,22.5557,79
10.3455,20.5558,79
9.09781,18.9927,79
9.19093,16.9949,79
10.726,15.7129,79
10.9404,13.7244,79
10.7188,11.7368,79
10.303,9.78045,79
8.51274,8.88888,79
8.32701,6.89753,79
6.94923,5.4478,79
5,5,79
25.2086,20.6796,80
25.6535,22.6295,80
25.8045,24.6238,80
24.3062,25.9485,80
22.457,26.7105,80
20.4619,26.8508,80
18.4621,26.8798,80
16.8545,25.6901,80
15.848,23.9618,80
14.3153,22.677,80
12.3192,22.8024,80
10.3345,22.5557,80
10.3455,20.5558,80
9.09781,18.9927,80
9.19093,16.9949,80
10.726,15.7129,80
10.9404,13.7244,80
10.7188,11.7368,80
10.303,9.78045,80
8.51274,8.88888,80
8.32701,6.89753,80
6.94923,5.4478,80
5,5,80
27.2625,62.8783,81
25.5854,61.7887,81
25.6753,59.7907,81
26.6009,58.0178,81
25.7113,56.2265,81
26.5074,54.3917,81
26.0495,52.4448,81
27.5358,51.1065,81
27.8514,49.1316,81
27.0333,47.3066,81
27.9601,45.5343,81
29.2662,44.0197,81
30.5853,42.5163,81
30.5682,40.5164,81
28.917,39.3878,81
28.5888,37.415,81
26.9488,36.2702,81
25.696,34.7112,81
26.4217,32.8475,81
26.2601,30.854,81
24.3605,30.2285,81
23.4125,28.4674,81
22.457,26.7105,81
20.4619,26.8508,81
18.4621,26.8798,81
16.8545,25.6901,81
15.848,23.9618,81
14.3153,22.677,81
12.3192,22.8024,81
10.3345,22.5557,81
10.3455,20.5558,81
9.09781,18.9927,81
9.19093,16.9949,81
10.726,15.7129,81
10.9404,13.7244,81
10.7188,11.7368,81
10.303,9.78045,81
8.51274,8.88888,81
8.32701,6.89753,81
6.94923,5.4478,81
5,5,81
59.0695,38.8629,82
57.1519,39.4307,82
55.6279,38.1355,82
53.7057,37.5832,82
52.5523,39.2171,82
50.7336,40.0492,82
48.8354,40.6791,82
46.923,41.2644,82
45.0676,40.5178,82
43.3972,41.6178,82
41.4864,42.2082,82
39.5236,42.5921,82
37.8218,41.5414,82
36.281,40.2663,82
34.3704,40.8574,82
32.5226,40.092,82
30.5682,40.5164,82
28.917,39.3878,82
28.5888,37.415,82
26.9488,36.2702,82
25.696,34.7112,82
26.4217,32.8475,82
26.2601,30.854,82
24.3605,30.2285,82
23.4125,28.4674,82
22.457,26.7105,82
20.4619,26.8508,82
18.4621,26.8798,82
16.8545,25.6901,82
15.848,23.9618,82
14.3153,22.677,82
12.3192,22.8024,82
10.3345,22.5557,82
10.3455,20.5558,82
9.09781,18.9927,82
9.19093,16.9949,82
10.726,15.7129,82
10.9404,13.7244,82
10.7188,11.7368,82
10.303,9.78045,82
8.51274,8.88888,82
8.32701,6.89753,82
6.94923,5.4478,82
5,5,82
24.7503,63.606,83
25.5854,61.7887,83
25.6753,59.7907,83
26.6009,58.0178,83
25.7113,56.2265,83
26.5074,54.3917,83
26.0495,52.4448,83
27.5358,51.1065,83
27.8514,49.1316,83
27.0333,47.3066,83
27.9601,45.5343,83
29.2662,44.0197,83
30.5853,42.5163,83
30.5682,40.5164,83
28.917,39.3878,83
28.5888,37.415,83
26.9488,36.2702,83
25.696,34.7112,83
26.4217,32.8475,83
26.2601,30.854,83
24.3605,30.2285,83
23.4125,28.4674,83
22.457,26.7105,83
20.4619,26.8508,83
18.4621,26.8798,83
16.8545,25.6901,83
15.848,23.9618,83
14.3153,22.677,83
12.3192,22.8024,83
10.3345,22.5557,83
10.3455,20.5558,83
9.09781,18.9927,83
9.19093,16.9949,83
10.726,15.7129,83
10.9404,13.7244,83
10.7188,11.7368,83
10.303,9.78045,83
8.51274,8.88888,83
8.32701,6.89753,83
6.94923,5.4478,83
5,5,83
51.9663,41.6242,84
50.7336,40.0492,84
48.8354,40.6791,84
46.923,41.2644,84
45.0676,40.5178,84
43.3972,41.6178,84
41.4864,42.2082,84
39.5236,42.5921,84
37.8218,41.5414,84
36.281,40.2663,84
34.3704,40.8574,84
32.5226,40.092,84
30.5682,40.5164,84
28.917,39.3878,84
28.5888,37.415,84
26.9488,36.2702,84
25.696,34.7112,84
26.4217,32.8475,84
26.2601,30.854,84
24.3605,30.2285,84
23.4125,28.4674,84
22.457,26.7105,84
20.4619,26.8508,84
18.4621,26.8798,84
16.8545,25.6901,84
15.848,23.9618,84
14.3153,22.677,84
12.3192,22.8024,84
10.3345,22.5557,84
10.3455,20.5558,84
9.09781,18.9927,84
9.19093,16.9949,84
10.726,15.7129,84
10.9404,13.7244,84
10.7188,11.7368,84
10.303,9.78045,84
8.51274,8.88888,84
8.32701,6.89753,84
6.94923,5.4478,84
5,5,84
8.7454,28.0619,85
10.0405,26.5379,85
10.0692,24.5381,85
10.3345,22.5557,85
10.3455,20.5558,85
9.09781,18.9927,85
9.19093,16.9949,85
10.726,15.7129,85
10.9404,13.7244,85
10.7188,11.7368,85
10.303,9.78045,85
8.51274,8.88888,85
8.32701,6.89753,85
6.94923,5.4478,85
5,5,85
9.19093,16.9949,86
10.726,15.7129,86
10.9404,13.7244,86
10.7188,11.7368,86
10.303,9.78045,86
8.51274,8.88888,86
8.32701,6.89753,86
6.94923,5.4478,86
5,5,86
60.1488,40.5467,87
59.0695,38.8629,87
57.1519,39.4307,87
55.6279,38.1355,87
53.7057,37.5832,87
52.5523,39.2171,87
50.7336,40.0492,87
48.8354,40.6791,87
46.923,41.2644,87
45.0676,40.5178,87
43.3972,41.6178,87
41.4864,42.2082,87
39.5236,42.5921,87
37.8218,41.5414,87
36.281,40.2663,87
34.3704,40.8574,87
32.5226,40.092,87
30.5682,40.5164,87
28.917,39.3878,87
28.5888,37.415,87
26.9488,36.2702,87
25.696,34.7112,87
26.4217,32.8475,87
26.2601,30.854,87
24.3605,30.2285,87
23.4125,28.4674,87
22.457,26.7105,87
20.4619,26.8508,87
18.4621,26.8798,87
16.8545,25.6901,87
15.848,23.9618,87
14.3153,22.677,87
12.3192,22.8024,87
10.3345,22.5557,87
10.3455,20.5558,87
9.09781,18.9927,87
9.19093,16.9949,87
10.726,15.7129,87
10.9404,13.7244,87
10.7188,11.7368,87
10.303,9.78045,87
8.51274,8.88888,87
8.32701,6.89753,87
6.94923,5.4478,87
5,5,87
27.0333,47.3066,88
27.9601,45.5343,88
29.2662,44.0197,88
30.5853,42.5163,88
30.5682,40.5164,88
28.917,39.3878,88
28.5888,37.415,88
26.9488,36.2702,88
25.696,34.7112,88
26.4217,32.8475,88
26.2601,30.854,88
24.3605,30.2285,88
23.4125,28.4674,88
22.457,26.7105,88
20.4619,26.8508,88
18.4621,26.8798,88
16.8545,25.6901,88
15.848,23.9618,88
14.3153,22.677,88
12.3192,22.8024,88
10.3345,22.5557,88
10.3455,20.5558,88
9.09781,18.9927,88
9.19093,16.9949,88
10.726,15.7129,88
10.9404,13.7244,88
10.7188,11.7368,88
10.303,9.78045,88
8.51274,8.88888,88
8.32701,6.89753,88
6.94923,5.4478,88
5,5,88
61.8293,41.631,89
60.1488,40.5467,89
59.0695,38.8629,89
57.1519,39.4307,89
55.6279,38.1355,89
53.7057,37.5832,89
52.5523,39.2171,89
50.7336,40.0492,89
48.8354,40.6791,89
46.923,41.2644,89
45.0676,40.5178,89
43.3972,41.6178,89
41.4864,42.2082,89
39.5236,42.5921,89
37.8218,41.5414,89
36.281,40.2663,89
34.3704,40.8574,89
32.5226,40.092,89
30.5682,40.5164,89
28.917,39.3878,89
28.5888,37.415,89
26.9488,36.2702,89
25.696,34.7112,89
26.4217,32.8475,89
26.2601,30.854,89
24.3605,30.2285,89
23.4125,28.4674,89
22.457,26.7105,89
20.4619,26.8508,89
18.4621,26.8798,89
16.8545,25.6901,89
15.848,23.9618,89
14.3153,22.677,89
12.3192,22.8024,89
10.3345,22.5557,89
10.3455,20.5558,89
9.09781,18.9927,89
9.19093,16.9949,89
10.726,15.7129,89
10.9404,13.7244,89
10.7188,11.7368,89
10.303,9.78045,89
8.51274,8.88888,89
8.32701,6.89753,89
6.94923,5.4478,89
5,5,89
23.5606,65.2137,90
24.7503,63.606,90
25.5854,61.7887,90
25.6753,59.7907,90
26.6009,58.0178,90
25.7113,56.2265,90
26.5074,54.3917,90
26.0495,52.4448,90
27.5358,51.1065,90
27.8514,49.1316,90
27.0333,47.3066,90
27.9601,45.5343,90
29.2662,44.0197,90
30.5853,42.5163,90
30.5682,40.5164,90
28.917,39.3878,90
28.5888,37.415,90
26.9488,36.2702,90
25.696,34.7112,90
26.4217,32.8475,90
26.2601,30.854,90
24.3605,30.2285,90
23.4125,28.4674,90
22.457,26.7105,90
20.4619,26.8508,90
18.4621,26.8798,90
16.8545,25.6901,90
15.848,23.9618,90
14.3153,22.677,90
12.3192,22.8024,90
10.3345,22.5557,90
10.3455,20.5558,90
9.09781,18.9927,90
9.19093,16.9949,90
10.726,15.7129,90
10.9404,13.7244,90
10.7188,11.7368,90
10.303,9.78045,90
8.51274,8.88888,90
8.32701,6.89753,90
6.94923,5.4478,90
5,5,90
62.2431,43.5877,91
61.8293,41.631,91
60.1488,40.5467,91
59.0695,38.8629,91
57.1519,39.4307,91
55.6279,38.1355,91
53.7057,37.5832,91
52.5523,39.2171,91
50.7336,40.0492,91
48.8354,40.6791,91
46.923,41.2644,91
45.0676,40.5178,91
43.3972,41.6178,91
41.4864,42.2082,91
39.5236,42.5921,91
37.8218,41.5414,91
36.281,40.2663,91
34.3704,40.8574,91
32.5226,40.092,91
30.5682,40.5164,91
28.917,39.3878,91
28.5888,37.415,91
26.9488,36.2702,91
25.696,34.7112,91
26.4217,32.8475,91
26.2601,30.854,91
24.3605,30.2285,91
23.4125,28.4674,91
22.457,26.7105,91
20.4619,26.8508,91
18.4621,26.8798,91
16.8545,25.6901,91
15.848,23.9618,91
14.3153,22.677,91
12.3192,22.8024,91
10.3345,22.5557,91
10.3455,20.5558,91
9.09781,18.9927,91
9.19093,16.9949,91
10.726,15.7129,91
10.9404,13.7244,91
10.7188,11.7368,91
10.303,9.78045,91
8.51274,8.88888,91
8.32701,6.89753,91
6.94923,5.4478,91
5,5,91
24.2091,67.1057,92
23.5606,65.2137,92
24.7503,63.606,92
25.5854,61.7887,92
25.6753,59.7907,92
26.6009,58.0178,92
25.7113,56.2265,92
26.5074,54.3917,92
26.0495,52.4448,92
27.5358,51.1065,92
27.8514,49.1316,92
27.0333,47.3066,92
27.9601,45.5343,92
29.2662,44.0197,92
30.5853,42.5163,92
30.5682,40.5164,92
28.917,39.3878,92
28.5888,37.415,92
26.9488,36.2702,92
25.696,34.7112,92
26.4217,32.8475,92
26.2601,30.854,92
24.3605,30.2285,92
23.4125,28.4674,92
22.457,26.7105,92
20.4619,26.8508,92
18.4621,26.8798,92
16.8545,25.6901,92
15.848,23.9618,92
14.3153,22.677,92
12.3192,22.8024,92
10.3345,22.5557,92
10.3455,20.5558,92
9.09781,18.9927,92
9.19093,16.9949,92
10.726,15.7129,92
10.9404,13.7244,92
10.7188,11.7368,92
10.303,9.78045,92
8.51274,8.88888,92
8.32701,6.89753,92
6.94923,5.4478,92
5,5,92
24.4739,69.0881,93
24.2091,67.1057,93
23.5606,65.2137,93
24.7503,63.606,93
25.5854,61.7887,93
25.6753,59.7907,93
26.6009,58.0178,93
25.7113,56.2265,93
26.5074,54.3917,93
26.0495,52.4448,93
27.5358,51.1065,93
27.8514,49.1316,93
27.0333,47.3066,93
27.9601,45.5343,93
29.2662,44.0197,93
30.5853,42.5163,93
30.5682,40.5164,93
28.917,39.3878,93
28.5888,37.415,93
26.9488,36.2702,93
25.696,34.7112,93
26.4217,32.8475,93
26.2601,30.854,93
24.3605,30.2285,93
23.4125,28.4674,93
22.457,26.7105,93
20.4619,26.8508,93
18.4621,26.8798,93
16.8545,25.6901,93
15.848,23.9618,93
14.3153,22.677,93
12.3192,22.8024,93
10.3345,22.5557,93
10.3455,20.5558,93
9.09781,18.9927,93
9.19093,16.9949,93
10.726,15.7129,93
10.9404,13.7244,93
10.7188,11.7368,93
10.303,9.78045,93
8.51274,8.88888,93
8.32701,6.89753,93
6.94923,5.4478,93
5,5,93
9.759,29.7861,94
8.7454,28.0619,94
10.0405,26.5379,94
10.0692,24.5381,94
10.3345,22.5557,94
10.3455,20.5558,94
9.09781,18.9927,94
9.19093,16.9949,94
10.726,15.7129,94
10.9404,13.7244,94
10.7188,11.7368,94
10.303,9.78045,94
8.51274,8.88888,94
8.32701,6.89753,94
6.94923,5.4478,94
5,5,94
59.0695,38.8629,95
57.1519,39.4307,95
55.6279,38.1355,95
53.7057,37.5832,95
52.5523,39.2171,95
50.7336,40.0492,95
48.8354,40.6791,95
46.923,41.2644,95
45.0676,40.5178,95
43.3972,41.6178,95
41.4864,42.2082,95
39.5236,42.5921,95
37.8218,41.5414,95
36.281,40.2663,95
34.3704,40.8574,95
32.5226,40.092,95
30.5682,40.5164,95
28.917,39.3878,95
28.5888,37.415,95
26.9488,36.2702,95
25.696,34.7112,95
26.4217,32.8475,95
26.2601,30.854,95
24.3605,30.2285,95
23.4125,28.4674,95
22.457,26.7105,95
20.4619,26.8508,95
18.4621,26.8798,95
16.8545,25.6901,95
15.848,23.9618,95
14.3153,22.677,95
12.3192,22.8024,95
10.3345,22.5557,95
10.3455,20.5558,95
9.09781,18.9927,95
9.19093,16.9949,95
10.726,15.7129,95
10.9404,13.7244,95
10.7188,11.7368,95
10.303,9.78045,95
8.51274,8.88888,95
8.32701,6.89753,95
6.94923,5.4478,95
5,5,95
60,37,96
59.0695,38.8629,96
57.1519,39.4307,96
55.6279,38.1355,96
53.7057,37.5832,96
52.5523,39.2171,96
50.7336,40.0492,96
48.8354,40.6791,96
46.923,41.2644,96
45.0676,40.5178,96
43.3972,41.6178,96
41.4864,42.2082,96
39.5236,42.5921,96
37.8218,41.5414,96
36.281,40.2663,96
34.3704,40.8574,96
32.5226,40.092,96
30.5682,40.5164,96
28.917,39.3878,96
28.5888,37.415,96
26.9488,36.2702,96
25.696,34.7112,96
26.4217,32.8475,96
26.2601,30.854,96
24.3605,30.2285,96
23.4125,28.4674,96
22.457,26.7105,96
20.4619,26.8508,96
18.4621,26.8798,96
16.8545,25.6901,96
15.848,23.9618,96
14.3153,22.677,96
12.3192,22.8024,96
10.3345,22.5557,96
10.3455,20.5558,96
9.09781,18.9927,96
9.19093,16.9949,96
10.726,15.7129,96
10.9404,13.7244,96
10.7188,11.7368,96
10.303,9.78045,96
8.51274,8.88888,96
8.32701,6.89753,96
6.94923,5.4478,96
5,5,96
60.5965,35.091,97
60,37,97
59.0695,38.8629,97
57.1519,39.4307,97
55.6279,38.1355,97
53.7057,37.5832,97
52.5523,39.2171,97
50.7336,40.0492,97
48.8354,40.6791,97
46.923,41.2644,97
45.0676,40.5178,97
43.3972,41.6178,97
41.4864,42.2082,97
39.5236,42.5921,97
37.8218,41.5414,97
36.281,40.2663,97
34.3704,40.8574,97
32.5226,40.092,97
30.5682,40.5164,97
28.917,39.3878,97
28.5888,37.415,97
26.9488,36.2702,97
25.696,34.7112,97
26.4217,32.8475,97
26.2601,30.854,97
24.3605,30.2285,97
23.4125,28.4674,97
22.457,26.7105,97
20.4619,26.8508,97
18.4621,26.8798,97
16.8545,25.6901,97
15.848,23.9618,97
14.3153,22.677,97
12.3192,22.8024,97
10.3345,22.5557,97
10.3455,20.5558,97
9.09781,18.9927,97
9.19093,16.9949,97
10.726,15.7129,97
10.9404,13.7244,97
10.7188,11.7368,97
10.303,9.78045,97
8.51274,8.88888,97
8.32701,6.89753,97
6.94923,5.4478,97
5,5,97
64.2266,43.3314,98
62.2431,43.5877,98
61.8293,41.631,98
60.1488,40.5467,98
59.0695,38.8629,98
57.1519,39.4307,98
55.6279,38.1355,98
53.7057,37.5832,98
52.5523,39.2171,98
50.7336,40.0492,98
48.8354,40.6791,98
46.923,41.2644,98
45.0676,40.5178,98
43.3972,41.6178,98
41.4864,42.2082,98
39.5236,42.5921,98
37.8218,41.5414,98
36.281,40.2663,98
34.3704,40.8574,98
32.5226,40.092,98
30.5682,40.5164,98
28.917,39.3878,98
28.5888,37.415,98
26.9488,36.2702,98
25.696,34.7112,98
26.4217,32.8475,98
26.2601,30.854,98
24.3605,30.2285,98
23.4125,28.4674,98
22.457,26.7105,98
20.4619,26.8508,98
18.4621,26.8798,98
16.8545,25.6901,98
15.848,23.9618,98
14.3153,22.677,98
12.3192,22.8024,98
10.3345,22.5557,98
10.3455,20.5558,98
9.09781,18.9927,98
9.19093,16.9949,98
10.726,15.7129,98
10.9404,13.7244,98
10.7188,11.7368,98
10.303,9.78045,98
8.51274,8.88888,98
8.32701,6.89753,98
6.94923,5.4478,98
5,5,98
64.2266,43.3314,99
62.2431,43.5877,99
61.8293,41.631,99
60.1488,40.5467,99
59.0695,38.8629,99
57.1519,39.4307,99
55.6279,38.1355,99
53.7057,37.5832,99
52.5523,39.2171,99
50.7336,40.0492,99
48.8354,40.6791,99
46.923,41.2644,99
45.0676,40.5178,99
43.3972,41.6178,99
41.4864,42.2082,99
39.5236,42.5921,99
37.8218,41.5414,99
36.281,40.2663,99
34.3704,40.8574,99
32.5226,40.092,99
30.5682,40.5164,99
28.917,39.3878,99
28.5888,37.415,99
26.9488,36.2702,99
25.696,34.7112,99
26.4217,32.8475,99
26.2601,30.854,99
24.3605,30.2285,99
23.4125,28.4674,99
22.457,26.7105,99
20.4619,26.8508,99
18.4621,26.8798,99
16.8545,25.6901,99
15.848,23.9618,99
14.3153,22.677,99
12.3192,22.8024,99
10.3345,22.5557,99
10.3455,20.5558,99
9.09781,18.9927,99
9.19093,16.9949,99
10.726,15.7129,99
10.9404,13.7244,99
10.7188,11.7368,99
10.303,9.78045,99
8.51274,8.88888,99
8.32701,6.89753,99
6.94923,5.4478,99
5,5,99
24.4739,69.0881,100
24.2091,67.1057,100
23.5606,65.2137,100
24.7503,63.606,100
25.5854,61.7887,100
25.6753,59.7907,100
26.6009,58.0178,100
25.7113,56.2265,100
26.5074,54.3917,100
26.0495,52.4448,100
27.5358,51.1065,100
27.8514,49.1316,100
27.0333,47.3066,100
27.9601,45.5343,100
29.2662,44.0197,100
30.5853,42.5163,100
30.5682,40.5164,100
28.917,39.3878,100
28.5888,37.415,100
26.9488,36.2702,100
25.696,34.7112,100
26.4217,32.8475,100
26.2601,30.854,100
24.3605,30.2285,100
23.4125,28.4674,100
22.457,26.7105,100
20.4619,26.8508,100
18.4621,26.8798,100
16.8545,25.6901,100
15.848,23.9618,100
14.3153,22.677,100
12.3192,22.8024,100
10.3345,22.5557,100
10.3455,20.5558,100
9.09781,18.9927,100
9.19093,16.9949,100
10.726,15.7129,100
10.9404,13.7244,100
10.7188,11.7368,100
10.303,9.78045,100
8.51274,8.88888,100
8.32701,6.89753,100
6.94923,5.4478,100
5,5,100
35.5625,18.7876,101
34.8578,20.6594,101
33.3229,21.9415,101
31.4197,22.5563,101
29.5229,23.1904,101
27.7258,24.0682,101
25.8045,24.6238,101
24.3062,25.9485,101
22.457,26.7105,101
20.4619,26.8508,101
18.4621,26.8798,101
16.8545,25.6901,101
15.848,23.9618,101
14.3153,22.677,101
12.3192,22.8024,101
10.3345,22.5557,101
10.3455,20.5558,101
9.09781,18.9927,101
9.19093,16.9949,101
10.726,15.7129,101
10.9404,13.7244,101
10.7188,11.7368,101
10.303,9.78045,101
8.51274,8.88888,101
8.32701,6.89753,101
6.94923,5.4478,101
5,5,101
35.5625,18.7876,102
34.8578,20.6594,102
33.3229,21.9415,102
31.4197,22.5563,102
29.5229,23.1904,102
27.7258,24.0682,102
25.8045,24.6238,102
24.3062,25.9485,102
22.457,26.7105,102
20.4619,26.8508,102
18.4621,26.8798,102
16.8545,25.6901,102
15.848,23.9618,102
14.3153,22.677,102
12.3192,22.8024,102
10.3345,22.5557,102
10.3455,20.5558,102
9.09781,18.9927,102
9.19093,16.9949,102
10.726,15.7129,102
10.9404,13.7244,102
10.7188,11.7368,102
10.303,9.78045,102
8.51274,8.88888,102
8.32701,6.89753,102
6.94923,5.4478,102
5,5,102
29.1365,63.5769,103
27.2625,62.8783,103
25.5854,61.7887,103
25.6753,59.7907,103
26.6009,58.0178,103
25.7113,56.2265,103
26.5074,54.3917,103
26.0495,52.4448,103
27.5358,51.1065,103
27.8514,49.1316,103
27.0333,47.3066,103
27.9601,45.5343,103
29.2662,44.0197,103
30.5853,42.5163,103
30.5682,40.5164,103
28.917,39.3878,103
28.5888,37.415,103
26.9488,36.2702,103
25.696,34.7112,103
26.4217,32.8475,103
26.2601,30.854,103
24.3605,30.2285,103
23.4125,28.4674,103
22.457,26.7105,103
20.4619,26.8508,103
18.4621,26.8798,103
16.8545,25.6901,103
15.848,23.9618,103
14.3153,22.677,103
12.3192,22.8024,103
10.3345,22.5557,103
10.3455,20.5558,103
9.09781,18.9927,103
9.19093,16.9949,103
10.726,15.7129,103
10.9404,13.7244,103
10.7188,11.7368,103
10.303,9.78045,103
8.51274,8.88888,103
8.32701,6.89753,103
6.94923,5.4478,103
5,5,103
51.9722,43.6242,104
51.9663,41.6242,104
50.7336,40.0492,104
48.8354,40.6791,104
46.923,41.2644,104
45.0676,40.5178,104
43.3972,41.6178,104
41.4864,42.2082,104
39.5236,42.5921,104
37.8218,41.5414,104
36.281,40.2663,104
34.3704,40.8574,104
32.5226,40.092,104
30.5682,40.5164,104
28.917,39.3878,104
28.5888,37.415,104
26.9488,36.2702,104
25.696,34.7112,104
26.4217,32.8475,104
26.2601,30.854,104
24.3605,30.2285,104
23.4125,28.4674,104
22.457,26.7105,104
20.4619,26.8508,104
18.4621,26.8798,104
16.8545,25.6901,104
15.848,23.9618,104
14.3153,22.677,104
12.3192,22.8024,104
10.3345,22.5557,104
10.3455,20.5558,104
9.09781,18.9927,104
9.19093,16.9949,104
10.726,15.7129,104
10.9404,13.7244,104
10.7188,11.7368,104
10.303,9.78045,104
8.51274,8.88888,104
8.32701,6.89753,104
6.94923,5.4478,104
5,5,104
61.719,33.4357,105
60.5965,35.091,105
60,37,105
59.0695,38.8629,105
57.1519,39.4307,105
55.6279,38.1355,105
53.7057,37.5832,105
52.5523,39.2171,105
50.7336,40.0492,105
48.8354,40.6791,105
46.923,41.2644,105
45.0676,40.5178,105
43.3972,41.6178,105
41.4864,42.2082,105
39.5236,42.5921,105
37.8218,41.5414,105
36.281,40.2663,105
34.3704,40.8574,105
32.5226,40.092,105
30.5682,40.5164,105
28.917,39.3878,105
28.5888,37.415,105
26.9488,36.2702,105
25.696,34.7112,105
26.4217,32.8475,105
26.2601,30.854,105
24.3605,30.2285,105
23.4125,28.4674,105
22.457,26.7105,105
20.4619,26.8508,105
18.4621,26.8798,105
16.8545,25.6901,105
15.848,23.9618,105
14.3153,22.677,105
12.3192,22.8024,105
10.3345,22.5557,105
10.3455,20.5558,105
9.09781,18.9927,105
9.19093,16.9949,105
10.726,15.7129,105
10.9404,13.7244,105
10.7188,11.7368,105
10.303,9.78045,105
8.51274,8.88888,105
8.32701,6.89753,105
6.94923,5.4478,105
5,5,105
26.0822,70.2769,106
24.4739,69.0881,106
24.2091,67.1057,106
23.5606,65.2137,106
24.7503,63.606,106
25.5854,61.7887,106
25.6753,59.7907,106
26.6009,58.0178,106
25.7113,56.2265,106
26.5074,54.3917,106
26.0495,52.4448,106
27.5358,51.1065,106
27.8514,49.1316,106
27.0333,47.3066,106
27.9601,45.5343,106
29.2662,44.0197,106
30.5853,42.5163,106
30.5682,40.5164,106
28.917,39.3878,106
28.5888,37.415,106
26.9488,36.2702,106
25.696,34.7112,106
26.4217,32.8475,106
26.2601,30.854,106
24.3605,30.2285,106
23.4125,28.4674,106
22.457,26.7105,106
20.4619,26.8508,106
18.4621,26.8798,106
16.8545,25.6901,106
15.848,23.9618,106
14.3153,22.677,106
12.3192,22.8024,106
10.3345,22.5557,106
10.3455,20.5558,106
9.09781,18.9927,106
9.19093,16.9949,106
10.726,15.7129,106
10.9404,13.7244,106
10.7188,11.7368,106
10.303,9.78045,106
8.51274,8.88888,106
8.32701,6.89753,106
6.94923,5.4478,106
5,5,106
64.7668,45.257,107
64.2266,43.3314,107
62.2431,43.5877,107
61.8293,41.631,107
60.1488,40.5467,107
59.0695,38.8629,107
57.1519,39.4307,107
55.6279,38.1355,107
53.7057,37.5832,107
52.5523,39.2171,107
50.7336,40.0492,107
48.8354,40.6791,107
46.923,41.2644,107
45.0676,40.5178,107
43.3972,41.6178,107
41.4864,42.2082,107
39.5236,42.5921,107
37.8218,41.5414,107
36.281,40.2663,107
34.3704,40.8574,107
32.5226,40.092,107
30.5682,40.5164,107
28.917,39.3878,107
28.5888,37.415,107
26.9488,36.2702,107
25.696,34.7112,107
26.4217,32.8475,107
26.2601,30.854,107
24.3605,30.2285,107
23.4125,28.4674,107
22.457,26.7105,107
20.4619,26.8508,107
18.4621,26.8798,107
16.8545,25.6901,107
15.848,23.9618,107
14.3153,22.677,107
12.3192,22.8024,107
10.3345,22.5557,107
10.3455,20.5558,107
9.09781,18.9927,107
9.19093,16.9949,107
10.726,15.7129,107
10.9404,13.7244,107
10.7188,11.7368,107
10.303,9.78045,107
8.51274,8.88888,107
8.32701,6.89753,107
6.94923,5.4478,107
5,5,107
27.8831,71.1468,108
26.0822,70.2769,108
24.4739,69.0881,108
24.2091,67.1057,108
23.5606,65.2137,108
24.7503,63.606,108
25.5854,61.7887,108
25.6753,59.7907,108
26.6009,58.0178,108
25.7113,56.2265,108
26.5074,54.3917,108
26.0495,52.4448,108
27.5358,51.1065,108
27.8514,49.1316,108
27.0333,47.3066,108
27.9601,45.5343,108
29.2662,44.0197,108
30.5853,42.5163,108
30.5682,40.5164,108
28.917,39.3878,108
28.5888,37.415,108
26.9488,36.2702,108
25.696,34.7112,108
26.4217,32.8475,108
26.2601,30.854,108
24.3605,30.2285,108
23.4125,28.4674,108
22.457,26.7105,108
20.4619,26.8508,108
18.4621,26.8798,108
16.8545,25.6901,108
15.848,23.9618,108
14.3153,22.677,108
12.3192,22.8024,108
10.3345,22.5557,108
10.3455,20.5558,108
9.09781,18.9927,108
9.19093,16.9949,108
10.726,15.7129,108
10.9404,13.7244,108
10.7188,11.7368,108
10.303,9.78045,108
8.51274,8.88888,108
8.32701,6.89753,108
6.94923,5.4478,108
5,5,108
36.281,40.2663,109
34.3704,40.8574,109
32.5226,40.092,109
30.5682,40.5164,109
28.917,39.3878,109
28.5888,37.415,109
26.9488,36.2702,109
25.696,34.7112,109
26.4217,32.8475,109
26.2601,30.854,109
24.3605,30.2285,109
23.4125,28.4674,109
22.457,26.7105,109
20.4619,26.8508,109
18.4621,26.8798,109
16.8545,25.6901,109
15.848,23.9618,109
14.3153,22.677,109
12.3192,22.8024,109
10.3345,22.5557,109
10.3455,20.5558,109
9.09781,18.9927,109
9.19093,16.9949,109
10.726,15.7129,109
10.9404,13.7244,109
10.7188,11.7368,109
10.303,9.78045,109
8.51274,8.88888,109
8.32701,6.89753,109
6.94923,5.4478,109
5,5,109
65.9638,46.8592,110
64.7668,45.257,110
64.2266,43.3314,110
62.2431,43.5877,110
61.8293,41.631,110
60.1488,40.5467,110
59.0695,38.8629,110
57.1519,39.4307,110
55.6279,38.1355,110
53.7057,37.5832,110
52.5523,39.2171,110
50.7336,40.0492,110
48.8354,40.6791,110
46.923,41.2644,110
45.0676,40.5178,110
43.3972,41.6178,110
41.4864,42.2082,110
39.5236,42.5921,110
37.8218,41.5414,110
36.281,40.2663,110
34.3704,40.8574,110
32.5226,40.092,110
30.5682,40.5164,110
28.917,39.3878,110
28.5888,37.415,110
26.9488,36.2702,110
25.696,34.7112,110
26.4217,32.8475,110
26.2601,30.854,110
24.3605,30.2285,110
23.4125,28.4674,110
22.457,26.7105,110
20.4619,26.8508,110
18.4621,26.8798,110
16.8545,25.6901,110
15.848,23.9618,110
14.3153,22.677,110
12.3192,22.8024,110
10.3345,22.5557,110
10.3455,20.5558,110
9.09781,18.9927,110
9.19093,16.9949,110
10.726,15.7129,110
10.9404,13.7244,110
10.7188,11.7368,110
10.303,9.78045,110
8.51274,8.88888,110
8.32701,6.89753,110
6.94923,5.4478,110
5,5,110
29.7145,71.9507,111
27.8831,71.1468,111
26.0822,70.2769,111
24.4739,69.0881,111
24.2091,67.1057,111
23.5606,65.2137,111
24.7503,63.606,111
25.5854,61.7887,111
25.6753,59.7907,111
26.6009,58.0178,111
25.7113,56.2265,111
26.5074,54.3917,111
26.0495,52.4448,111
27.5358,51.1065,111
27.8514,49.1316,111
27.0333,47.3066,111
27.9601,45.5343,111
29.2662,44.0197,111
30.5853,42.5163,111
30.5682,40.5164,111
28.917,39.3878,111
28.5888,37.415,111
26.9488,36.2702,111
25.696,34.7112,111
26.4217,32.8475,111
26.2601,30.854,111
24.3605,30.2285,111
23.4125,28.4674,111
22.457,26.7105,111
20.4619,26.8508,111
18.4621,26.8798,111
16.8545,25.6901,111
15.848,23.9618,111
14.3153,22.677,111
12.3192,22.8024,111
10.3345,22.5557,111
10.3455,20.5558,111
9.09781,18.9927,111
9.19093,16.9949,111
10.726,15.7129,111
10.9404,13.7244,111
10.7188,11.7368,111
10.303,9.78045,111
8.51274,8.88888,111
8.32701,6.89753,111
6.94923,5.4478,111
5,5,111
66.2168,43.5293,112
64.2266,43.3314,112
62.2431,43.5877,112
61.8293,41.631,112
60.1488,40.5467,112
59.0695,38.8629,112
57.1519,39.4307,112
55.6279,38.1355,112
53.7057,37.5832,112
52.5523,39.2171,112
50.7336,40.0492,112
48.8354,40.6791,112
46.923,41.2644,112
45.0676,40.5178,112
43.3972,41.6178,112
41.4864,42.2082,112
39.5236,42.5921,112
37.8218,41.5414,112
36.281,40.2663,112
34.3704,40.8574,112
32.5226,40.092,112
30.5682,40.5164,112
28.917,39.3878,112
28.5888,37.415,112
26.9488,36.2702,112
25.696,34.7112,112
26.4217,32.8475,112
26.2601,30.854,112
24.3605,30.2285,112
23.4125,28.4674,112
22.457,26.7105,112
20.4619,26.8508,112
18.4621,26.8798,112
16.8545,25.6901,112
15.848,23.9618,112
14.3153,22.677,112
12.3192,22.8024,112
10.3345,22.5557,112
10.3455,20.5558,112
9.09781,18.9927,112
9.19093,16.9949,112
10.726,15.7129,112
10.9404,13.7244,112
10.7188,11.7368,112
10.303,9.78045,112
8.51274,8.88888,112
8.32701,6.89753,112
6.94923,5.4478,112
5,5,112
61.8123,31.4379,113
61.719,33.4357,113
60.5965,35.091,113
60,37,113
59.0695,38.8629,113
57.1519,39.4307,113
55.6279,38.1355,113
53.7057,37.5832,113
52.5523,39.2171,113
50.7336,40.0492,113
48.8354,40.6791,113
46.923,41.2644,113
45.0676,40.5178,113
43.3972,41.6178,113
41.4864,42.2082,113
39.5236,42.5921,113
37.8218,41.5414,113
36.281,40.2663,113
34.3704,40.8574,113
32.5226,40.092,113
30.5682,40.5164,113
28.917,39.3878,113
28.5888,37.415,113
26.9488,36.2702,113
25.696,34.7112,113
26.4217,32.8475,113
26.2601,30.854,113
24.3605,30.2285,113
23.4125,28.4674,113
22.457,26.7105,113
20.4619,26.8508,113
18.4621,26.8798,113
16.8545,25.6901,113
15.848,23.9618,113
14.3153,22.677,113
12.3192,22.8024,113
10.3345,22.5557,113
10.3455,20.5558,113
9.09781,18.9927,113
9.19093,16.9949,113
10.726,15.7129,113
10.9404,13.7244,113
10.7188,11.7368,113
10.303,9.78045,113
8.51274,8.88888,113
8.32701,6.89753,113
6.94923,5.4478,113
5,5,113
63.4429,30.2799,114
61.8123,31.4379,114
61.719,33.4357,114
60.5965,35.091,114
60,37,114
59.0695,38.8629,114
57.1519,39.4307,114
55.6279,38.1355,114
53.7057,37.5832,114
52.5523,39.2171,114
50.7336,40.0492,114
48.8354,40.6791,114
46.923,41.2644,114
45.0676,40.5178,114
43.3972,41.6178,114
41.4864,42.2082,114
39.5236,42.5921,114
37.8218,41.5414,114
36.281,40.2663,114
34.3704,40.8574,114
32.5226,40.092,114
30.5682,40.5164,114
28.917,39.3878,114
28.5888,37.415,114
26.9488,36.2702,114
25.696,34.7112,114
26.4217,32.8475,114
26.2601,30.854,114
24.3605,30.2285,114
23.4125,28.4674,114
22.457,26.7105,114
20.4619,26.8508,114
18.4621,26.8798,114
16.8545,25.6901,114
15.848,23.9618,114
14.3153,22.677,114
12.3192,22.8024,114
10.3345,22.5557,114
10.3455,20.5558,114
9.09781,18.9927,114
9.19093,16.9949,114
10.726,15.7129,114
10.9404,13.7244,114
10.7188,11.7368,114
10.303,9.78045,114
8.51274,8.88888,114
8.32701,6.89753,114
6.94923,5.4478,114
5,5,114
68.1968,43.2474,115
66.2168,43.5293,115
64.2266,43.3314,115
62.2431,43.5877,115
61.8293,41.631,115
60.1488,40.5467,115
59.0695,38.8629,115
57.1519,39.4307,115
55.6279,38.1355,115
53.7057,37.5832,115
52.5523,39.2171,115
50.7336,40.0492,115
48.8354,40.6791,115
46.923,41.2644,115
45.0676,40.5178,115
43.3972,41.6178,115
41.4864,42.2082,115
39.5236,42.5921,115
37.8218,41.5414,115
36.281,40.2663,115
34.3704,40.8574,115
32.5226,40.092,115
30.5682,40.5164,115
28.917,39.3878,115
28.5888,37.415,115
26.9488,36.2702,115
25.696,34.7112,115
26.4217,32.8475,115
26.2601,30.854,115
24.3605,30.2285,115
23.4125,28.4674,115
22.457,26.7105,115
20.4619,26.8508,115
18.4621,26.8798,115
16.8545,25.6901,115
15.848,23.9618,115
14.3153,22.677,115
12.3192,22.8024,115
10.3345,22.5557,115
10.3455,20.5558,115
9.09781,18.9927,115
9.19093,16.9949,115
10.726,15.7129,115
10.9404,13.7244,115
10.7188,11.7368,115
10.303,9.78045,115
8.51274,8.88888,115
8.32701,6.89753,115
6.94923,5.4478,115
5,5,115
67.2244,48.4119,116
65.9638,46.8592,116
64.7668,45.257,116
64.2266,43.3314,116
62.2431,43.5877,116
61.8293,41.631,116
60.1488,40.5467,116
59.0695,38.8629,116
57.1519,39.4307,116
55.6279,38.1355,116
53.7057,37.5832,116
52.5523,39.2171,116
50.7336,40.0492,116
48.8354,40.6791,116
46.923,41.2644,116
45.0676,40.5178,116
43.3972,41.6178,116
41.4864,42.2082,116
39.5236,42.5921,116
37.8218,41.5414,116
36.281,40.2663,116
34.3704,40.8574,116
32.5226,40.092,116
30.5682,40.5164,116
28.917,39.3878,116
28.5888,37.415,116
26.9488,36.2702,116
25.696,34.7112,116
26.4217,32.8475,116
26.2601,30.854,116
24.3605,30.2285,116
23.4125,28.4674,116
22.457,26.7105,116
20.4619,26.8508,116
18.4621,26.8798,116
16.8545,25.6901,116
15.848,23.9618,116
14.3153,22.677,116
12.3192,22.8024,116
10.3345,22.5557,116
10.3455,20.5558,116
9.09781,18.9927,116
9.19093,16.9949,116
10.726,15.7129,116
10.9404,13.7244,116
10.7188,11.7368,116
10.303,9.78045,116
8.51274,8.88888,116
8.32701,6.89753,116
6.94923,5.4478,116
5,5,116
34.6409,17.0126,117
35.5625,18.7876,117
34.8578,20.6594,117
33.3229,21.9415,117
31.4197,22.5563,117
29.5229,23.1904,117
27.7258,24.0682,117
25.8045,24.6238,117
24.3062,25.9485,117
22.457,26.7105,117
20.4619,26.8508,117
18.4621,26.8798,117
16.8545,25.6901,117
15.848,23.9618,117
14.3153,22.677,117
12.3192,22.8024,117
10.3345,22.5557,117
10.3455,20.5558,117
9.09781,18.9927,117
9.19093,16.9949,117
10.726,15.7129,117
10.9404,13.7244,117
10.7188,11.7368,117
10.303,9.78045,117
8.51274,8.88888,117
8.32701,6.89753,117
6.94923,5.4478,117
5,5,117
61.8123,31.4379,118
61.719,33.4357,118
60.5965,35.091,118
60,37,118
59.0695,38.8629,118
57.1519,39.4307,118
55.6279,38.1355,118
53.7057,37.5832,118
52.5523,39.2171,118
50.7336,40.0492,118
48.8354,40.6791,118
46.923,41.2644,118
45.0676,40.5178,118
43.3972,41.6178,118
41.4864,42.2082,118
39.5236,42.5921,118
37.8218,41.5414,118
36.281,40.2663,118
34.3704,40.8574,118
32.5226,40.092,118
30.5682,40.5164,118
28.917,39.3878,118
28.5888,37.415,118
26.9488,36.2702,118
25.696,34.7112,118
26.4217,32.8475,118
26.2601,30.854,118
24.3605,30.2285,118
23.4125,28.4674,118
22.457,26.7105,118
20.4619,26.8508,118
18.4621,26.8798,118
16.8545,25.6901,118
15.848,23.9618,118
14.3153,22.677,118
12.3192,22.8024,118
10.3345,22.5557,118
10.3455,20.5558,118
9.09781,18.9927,118
9.19093,16.9949,118
10.726,15.7129,118
10.9404,13.7244,118
10.7188,11.7368,118
10.303,9.78045,118
8.51274,8.88888,118
8.32701,6.89753,118
6.94923,5.4478,118
5,5,118
70.0508,43.9975,119
68.1968,43.2474,119
66.2168,43.5293,119
64.2266,43.3314,119
62.2431,43.5877,119
61.8293,41.631,119
60.1488,40.5467,119
59.0695,38.8629,119
57.1519,39.4307,119
55.6279,38.1355,119
53.7057,37.5832,119
52.5523,39.2171,119
50.7336,40.0492,119
48.8354,40.6791,119
46.923,41.2644,119
45.0676,40.5178,119
43.3972,41.6178,119
41.4864,42.2082,119
39.5236,42.5921,119
37.8218,41.5414,119
36.281,40.2663,119
34.3704,40.8574,119
32.5226,40.092,119
30.5682,40.5164,119
28.917,39.3878,119
28.5888,37.415,119
26.9488,36.2702,119
25.696,34.7112,119
26.4217,32.8475,119
26.2601,30.854,119
24.3605,30.2285,119
23.4125,28.4674,119
22.457,26.7105,119
20.4619,26.8508,119
18.4621,26.8798,119
16.8545,25.6901,119
15.848,23.9618,119
14.3153,22.677,119
12.3192,22.8024,119
10.3345,22.5557,119
10.3455,20.5558,119
9.09781,18.9927,119
9.19093,16.9949,119
10.726,15.7129,119
10.9404,13.7244,119
10.7188,11.7368,119
10.303,9.78045,119
8.51274,8.88888,119
8.32701,6.89753,119
6.94923,5.4478,119
5,5,119
52.1527,45.616,120
51.9722,43.6242,120
51.9663,41.6242,120
50.7336,40.0492,120
48.8354,40.6791,120
46.923,41.2644,120
45.0676,40.5178,120
43.3972,41.6178,120
41.4864,42.2082,120
39.5236,42.5921,120
37.8218,41.5414,120
36.281,40.2663,120
34.3704,40.8574,120
32.5226,40.092,120
30.5682,40.5164,120
28.917,39.3878,120
28.5888,37.415,120
26.9488,36.2702,120
25.696,34.7112,120
26.4217,32.8475,120
26.2601,30.854,120
24.3605,30.2285,120
23.4125,28.4674,120
22.457,26.7105,120
20.4619,26.8508,120
18.4621,26.8798,120
16.8545,25.6901,120
15.848,23.9618,120
14.3153,22.677,120
12.3192,22.8024,120
10.3345,22.5557,120
10.3455,20.5558,120
9.09781,18.9927,120
9.19093,16.9949,120
10.726,15.7129,120
10.9404,13.7244,120
10.7188,11.7368,120
10.303,9.78045,120
8.51274,8.88888,120
8.32701,6.89753,120
6.94923,5.4478,120
5,5,120
64.6726,28.7026,121
63.4429,30.2799,121
61.8123,31.4379,121
61.719,33.4357,121
60.5965,35.091,121
60,37,121
59.0695,38.8629,121
57.1519,39.4307,121
55.6279,38.1355,121
53.7057,37.5832,121
52.5523,39.2171,121
50.7336,40.0492,121
48.8354,40.6791,121
46.923,41.2644,121
45.0676,40.5178,121
43.3972,41.6178,121
41.4864,42.2082,121
39.5236,42.5921,121
37.8218,41.5414,121
36.281,40.2663,121
34.3704,40.8574,121
32.5226,40.092,121
30.5682,40.5164,121
28.917,39.3878,121
28.5888,37.415,121
26.9488,36.2702,121
25.696,34.7112,121
26.4217,32.8475,121
26.2601,30.854,121
24.3605,30.2285,121
23.4125,28.4674,121
22.457,26.7105,121
20.4619,26.8508,121
18.4621,26.8798,121
16.8545,25.6901,121
15.848,23.9618,121
14.3153,22.677,121
12.3192,22.8024,121
10.3345,22.5557,121
10.3455,20.5558,121
9.09781,18.9927,121
9.19093,16.9949,121
10.726,15.7129,121
10.9404,13.7244,121
10.7188,11.7368,121
10.303,9.78045,121
8.51274,8.88888,121
8.32701,6.89753,121
6.94923,5.4478,121
5,5,121
26.2601,30.854,122
24.3605,30.2285,122
23.4125,28.4674,122
22.457,26.7105,122
20.4619,26.8508,122
18.4621,26.8798,122
16.8545,25.6901,122
15.848,23.9618,122
14.3153,22.677,122
12.3192,22.8024,122
10.3345,22.5557,122
10.3455,20.5558,122
9.09781,18.9927,122
9.19093,16.9949,122
10.726,15.7129,122
10.9404,13.7244,122
10.7188,11.7368,122
10.303,9.78045,122
8.51274,8.88888,122
8.32701,6.89753,122
6.94923,5.4478,122
5,5,122
31.6129,72.5799,123
29.7145,71.9507,123
27.8831,71.1468,123
26.0822,70.2769,123
24.4739,69.0881,123
24.2091,67.1057,123
23.5606,65.2137,123
24.7503,63.606,123
25.5854,61.7887,123
25.6753,59.7907,123
26.6009,58.0178,123
25.7113,56.2265,123
26.5074,54.3917,123
26.0495,52.4448,123
27.5358,51.1065,123
27.8514,49.1316,123
27.0333,47.3066,123
27.9601,45.5343,123
29.2662,44.0197,123
30.5853,42.5163,123
30.5682,40.5164,123
28.917,39.3878,123
28.5888,37.415,123
26.9488,36.2702,123
25.696,34.7112,123
26.4217,32.8475,123
26.2601,30.854,123
24.3605,30.2285,123
23.4125,28.4674,123
22.457,26.7105,123
20.4619,26.8508,123
18.4621,26.8798,123
16.8545,25.6901,123
15.848,23.9618,123
14.3153,22.677,123
12.3192,22.8024,123
10.3345,22.5557,123
10.3455,20.5558,123
9.09781,18.9927,123
9.19093,16.9949,123
10.726,15.7129,123
10.9404,13.7244,123
10.7188,11.7368,123
10.303,9.78045,123
8.51274,8.88888,123
8.32701,6.89753,123
6.94923,5.4478,123
5,5,123
66.6403,28.3444,124
64.6726,28.7026,124
63.4429,30.2799,124
61.8123,31.4379,124
61.719,33.4357,124
60.5965,35.091,124
60,37,124
59.0695,38.8629,124
57.1519,39.4307,124
55.6279,38.1355,124
53.7057,37.5832,124
52.5523,39.2171,124
50.7336,40.0492,124
48.8354,40.6791,124
46.923,41.2644,124
45.0676,40.5178,124
43.3972,41.6178,124
41.4864,42.2082,124
39.5236,42.5921,124
37.8218,41.5414,124
36.281,40.2663,124
34.3704,40.8574,124
32.5226,40.092,124
30.5682,40.5164,124
28.917,39.3878,124
28.5888,37.415,124
26.9488,36.2702,124
25.696,34.7112,124
26.4217,32.8475,124
26.2601,30.854,124
24.3605,30.2285,124
23.4125,28.4674,124
22.457,26.7105,124
20.4619,26.8508,124
18.4621,26.8798,124
16.8545,25.6901,124
15.848,23.9618,124
14.3153,22.677,124
12.3192,22.8024,124
10.3345,22.5557,124
10.3455,20.5558,124
9.09781,18.9927,124
9.19093,16.9949,124
10.726,15.7129,124
10.9404,13.7244,124
10.7188,11.7368,124
10.303,9.78045,124
8.51274,8.88888,124
8.32701,6.89753,124
6.94923,5.4478,124
5,5,124
70.9274,42.1998,125
70.0508,43.9975,125
68.1968,43.2474,125
66.2168,43.5293,125
64.2266,43.3314,125
62.2431,43.5877,125
61.8293,41.631,125
60.1488,40.5467,125
59.0695,38.8629,125
57.1519,39.4307,125
55.6279,38.1355,125
53.7057,37.5832,125
52.5523,39.2171,125
50.7336,40.0492,125
48.8354,40.6791,125
46.923,41.2644,125
45.0676,40.5178,125
43.3972,41.6178,125
41.4864,42.2082,125
39.5236,42.5921,125
37.8218,41.5414,125
36.281,40.2663,125
34.3704,40.8574,125
32.5226,40.092,125
30.5682,40.5164,125
28.917,39.3878,125
28.5888,37.415,125
26.9488,36.2702,125
25.696,34.7112,125
26.4217,32.8475,125
26.2601,30.854,125
24.3605,30.2285,125
23.4125,28.4674,125
22.457,26.7105,125
20.4619,26.8508,125
18.4621,26.8798,125
16.8545,25.6901,125
15.848,23.9618,125
14.3153,22.677,125
12.3192,22.8024,125
10.3345,22.5557,125
10.3455,20.5558,125
9.09781,18.9927,125
9.19093,16.9949,125
10.726,15.7129,125
10.9404,13.7244,125
10.7188,11.7368,125
10.303,9.78045,125
8.51274,8.88888,125
8.32701,6.89753,125
6.94923,5.4478,125
5,5,125
15.848,23.9618,126
14.3153,22.677,126
12.3192,22.8024,126
10.3345,22.5557,126
10.3455,20.5558,126
9.09781,18.9927,126
9.19093,16.9949,126
10.726,15.7129,126
10.9404,13.7244,126
10.7188,11.7368,126
10.303,9.78045,126
8.51274,8.88888,126
8.32701,6.89753,126
6.94923,5.4478,126
5,5,126
72.7302,41.3339,127
70.9274,42.1998,127
70.0508,43.9975,127
68.1968,43.2474,127
66.2168,43.5293,127
64.2266,43.3314,127
62.2431,43.5877,127
61.8293,41.631,127
60.1488,40.5467,127
59.0695,38.8629,127
57.1519,39.4307,127
55.6279,38.1355,127
53.7057,37.5832,127
52.5523,39.2171,127
50.7336,40.0492,127
48.8354,40.6791,127
46.923,41.2644,127
45.0676,40.5178,127
43.3972,41.6178,127
41.4864,42.2082,127
39.5236,42.5921,127
37.8218,41.5414,127
36.281,40.2663,127
34.3704,40.8574,127
32.5226,40.092,127
30.5682,40.5164,127
28.917,39.3878,127
28.5888,37.415,127
26.9488,36.2702,127
25.696,34.7112,127
26.4217,32.8475,127
26.2601,30.854,127
24.3605,30.2285,127
23.4125,28.4674,127
22.457,26.7105,127
20.4619,26.8508,127
18.4621,26.8798,127
16.8545,25.6901,127
15.848,23.9618,127
14.3153,22.677,127
12.3192,22.8024,127
10.3345,22.5557,127
10.3455,20.5558,127
9.09781,18.9927,127
9.19093,16.9949,127
10.726,15.7129,127
10.9404,13.7244,127
10.7188,11.7368,127
10.303,9.78045,127
8.51274,8.88888,127
8.32701,6.89753,127
6.94923,5.4478,127
5,5,127
39.5236,42.5921,128
37.8218,41.5414,128
36.281,40.2663,128
34.3704,40.8574,128
32.5226,40.092,128
30.5682,40.5164,128
28.917,39.3878,128
28.5888,37.415,128
26.9488,36.2702,128
25.696,34.7112,128
26.4217,32.8475,128
26.2601,30.854,128
24.3605,30.2285,128
23.4125,28.4674,128
22.457,26.7105,128
20.4619,26.8508,128
18.4621,26.8798,128
16.8545,25.6901,128
15.848,23.9618,128
14.3153,22.677,128
12.3192,22.8024,128
10.3345,22.5557,128
10.3455,20.5558,128
9.09781,18.9927,128
9.19093,16.9949,128
10.726,15.7129,128
10.9404,13.7244,128
10.7188,11.7368,128
10.303,9.78045,128
8.51274,8.88888,128
8.32701,6.89753,128
6.94923,5.4478,128
5,5,128
74.4954,42.2742,129
72.7302,41.3339,129
70.9274,42.1998,129
70.0508,43.9975,129
68.1968,43.2474,129
66.2168,43.5293,129
64.2266,43.3314,129
62.2431,43.5877,129
61.8293,41.631,129
60.1488,40.5467,129
59.0695,38.8629,129
57.1519,39.4307,129
55.6279,38.1355,129
53.7057,37.5832,129
52.5523,39.2171,129
50.7336,40.0492,129
48.8354,40.6791,129
46.923,41.2644,129
45.0676,40.5178,129
43.3972,41.6178,129
41.4864,42.2082,129
39.5236,42.5921,129
37.8218,41.5414,129
36.281,40.2663,129
34.3704,40.8574,129
32.5226,40.092,129
30.5682,40.5164,129
28.917,39.3878,129
28.5888,37.415,129
26.9488,36.2702,129
25.696,34.7112,129
26.4217,32.8475,129
26.2601,30.854,129
24.3605,30.2285,129
23.4125,28.4674,129
22.457,26.7105,129
20.4619,26.8508,129
18.4621,26.8798,129
16.8545,25.6901,129
15.848,23.9618,129
14.3153,22.677,129
12.3192,22.8024,129
10.3345,22.5557,129
10.3455,20.5558,129
9.09781,18.9927,129
9.19093,16.9949,129
10.726,15.7129,129
10.9404,13.7244,129
10.7188,11.7368,129
10.303,9.78045,129
8.51274,8.88888,129
8.32701,6.89753,129
6.94923,5.4478,129
5,5,129
23.9175,57.1108,130
25.7113,56.2265,130
26.5074,54.3917,130
26.0495,52.4448,130
27.5358,51.1065,130
27.8514,49.1316,130
27.0333,47.3066,130
27.9601,45.5343,130
29.2662,44.0197,130
30.5853,42.5163,130
30.5682,40.5164,130
28.917,39.3878,130
28.5888,37.415,130
26.9488,36.2702,130
25.696,34.7112,130
26.4217,32.8475,130
26.2601,30.854,130
24.3605,30.2285,130
23.4125,28.4674,130
22.457,26.7105,130
20.4619,26.8508,130
18.4621,26.8798,130
16.8545,25.6901,130
15.848,23.9618,130
14.3153,22.677,130
12.3192,22.8024,130
10.3345,22.5557,130
10.3455,20.5558,130
9.09781,18.9927,130
9.19093,16.9949,130
10.726,15.7129,130
10.9404,13.7244,130
10.7188,11.7368,130
10.303,9.78045,130
8.51274,8.88888,130
8.32701,6.89753,130
6.94923,5.4478,130
5,5,130
76.2114,41.2469,131
74.4954,42.2742,131
72.7302,41.3339,131
70.9274,42.1998,131
70.0508,43.9975,131
68.1968,43.2474,131
66.2168,43.5293,131
64.2266,43.3314,131
62.2431,43.5877,131
61.8293,41.631,131
60.1488,40.5467,131
59.0695,38.8629,131
57.1519,39.4307,131
55.6279,38.1355,131
53.7057,37.5832,131
52.5523,39.2171,131
50.7336,40.0492,131
48.8354,40.6791,131
46.923,41.2644,131
45.0676,40.5178,131
43.3972,41.6178,131
41.4864,42.2082,131
39.5236,42.5921,131
37.8218,41.5414,131
36.281,40.2663,131
34.3704,40.8574,131
32.5226,40.092,131
30.5682,40.5164,131
28.917,39.3878,131
28.5888,37.415,131
26.9488,36.2702,131
25.696,34.7112,131
26.4217,32.8475,131
26.2601,30.854,131
24.3605,30.2285,131
23.4125,28.4674,131
22.457,26.7105,131
20.4619,26.8508,131
18.4621,26.8798,131
16.8545,25.6901,131
15.848,23.9618,131
14.3153,22.677,131
12.3192,22.8024,131
10.3345,22.5557,131
10.3455,20.5558,131
9.09781,18.9927,131
9.19093,16.9949,131
10.726,15.7129,131
10.9404,13.7244,131
10.7188,11.7368,131
10.303,9.78045,131
8.51274,8.88888,131
8.32701,6.89753,131
6.94923,5.4478,131
5,5,131
23.2465,70.6671,132
24.4739,69.0881,132
24.2091,67.1057,132
23.5606,65.2137,132
24.7503,63.606,132
25.5854,61.7887,132
25.6753,59.7907,132
26.6009,58.0178,132
25.7113,56.2265,132
26.5074,54.3917,132
26.0495,52.4448,132
27.5358,51.1065,132
27.8514,49.1316,132
27.0333,47.3066,132
27.9601,45.5343,132
29.2662,44.0197,132
30.5853,42.5163,132
30.5682,40.5164,132
28.917,39.3878,132
28.5888,37.415,132
26.9488,36.2702,132
25.696,34.7112,132
26.4217,32.8475,132
26.2601,30.854,132
24.3605,30.2285,132
23.4125,28.4674,132
22.457,26.7105,132
20.4619,26.8508,132
18.4621,26.8798,132
16.8545,25.6901,132
15.848,23.9618,132
14.3153,22.677,132
12.3192,22.8024,132
10.3345,22.5557,132
10.3455,20.5558,132
9.09781,18.9927,132
9.19093,16.9949,132
10.726,15.7129,132
10.9404,13.7244,132
10.7188,11.7368,132
10.303,9.78045,132
8.51274,8.88888,132
8.32701,6.89753,132
6.94923,5.4478,132
5,5,132
78.0921,40.5664,133
76.2114,41.2469,133
74.4954,42.2742,133
72.7302,41.3339,133
70.9274,42.1998,133
70.0508,43.9975,133
68.1968,43.2474,133
66.2168,43.5293,133
64.2266,43.3314,133
62.2431,43.5877,133
61.8293,41.631,133
60.1488,40.5467,133
59.0695,38.8629,133
57.1519,39.4307,133
55.6279,38.1355,133
53.7057,37.5832,133
52.5523,39.2171,133
50.7336,40.0492,133
48.8354,40.6791,133
46.923,41.2644,133
45.0676,40.5178,133
43.3972,41.6178,133
41.4864,42.2082,133
39.5236,42.5921,133
37.8218,41.5414,133
36.281,40.2663,133
34.3704,40.8574,133
32.5226,40.092,133
30.5682,40.5164,133
28.917,39.3878,133
28.5888,37.415,133
26.9488,36.2702,133
25.696,34.7112,133
26.4217,32.8475,133
26.2601,30.854,133
24.3605,30.2285,133
23.4125,28.4674,133
22.457,26.7105,133
20.4619,26.8508,133
18.4621,26.8798,133
16.8545,25.6901,133
15.848,23.9618,133
14.3153,22.677,133
12.3192,22.8024,133
10.3345,22.5557,133
10.3455,20.5558,133
9.09781,18.9927,133
9.19093,16.9949,133
10.726,15.7129,133
10.9404,13.7244,133
10.7188,11.7368,133
10.303,9.78045,133
8.51274,8.88888,133
8.32701,6.89753,133
6.94923,5.4478,133
5,5,133
61.719,33.4357,134
60.5965,35.091,134
60,37,134
59.0695,38.8629,134
57.1519,39.4307,134
55.6279,38.1355,134
53.7057,37.5832,134
52.5523,39.2171,134
50.7336,40.0492,134
48.8354,40.6791,134
46.923,41.2644,134
45.0676,40.5178,134
43.3972,41.6178,134
41.4864,42.2082,134
39.5236,42.5921,134
37.8218,41.5414,134
36.281,40.2663,134
34.3704,40.8574,134
32.5226,40.092,134
30.5682,40.5164,134
28.917,39.3878,134
28.5888,37.415,134
26.9488,36.2702,134
25.696,34.7112,134
26.4217,32.8475,134
26.2601,30.854,134
24.3605,30.2285,134
23.4125,28.4674,134
22.457,26.7105,134
20.4619,26.8508,134
18.4621,26.8798,134
16.8545,25.6901,134
15.848,23.9618,134
14.3153,22.677,134
12.3192,22.8024,134
10.3345,22.5557,134
10.3455,20.5558,134
9.09781,18.9927,134
9.19093,16.9949,134
10.726,15.7129,134
10.9404,13.7244,134
10.7188,11.7368,134
10.303,9.78045,134
8.51274,8.88888,134
8.32701,6.89753,134
6.94923,5.4478,134
5,5,134
25.696,34.7112,135
26.4217,32.8475,135
26.2601,30.854,135
24.3605,30.2285,135
23.4125,28.4674,135
22.457,26.7105,135
20.4619,26.8508,135
18.4621,26.8798,135
16.8545,25.6901,135
15.848,23.9618,135
14.3153,22.677,135
12.3192,22.8024,135
10.3345,22.5557,135
10.3455,20.5558,135
9.09781,18.9927,135
9.19093,16.9949,135
10.726,15.7129,135
10.9404,13.7244,135
10.7188,11.7368,135
10.303,9.78045,135
8.51274,8.88888,135
8.32701,6.89753,135
6.94923,5.4478,135
5,5,135
67.2244,48.4119,136
65.9638,46.8592,136
64.7668,45.257,136
64.2266,43.3314,136
62.2431,43.5877,136
61.8293,41.631,136
60.1488,40.5467,136
59.0695,38.8629,136
57.1519,39.4307,136
55.6279,38.1355,136
53.7057,37.5832,136
52.5523,39.2171,136
50.7336,40.0492,136
48.8354,40.6791,136
46.923,41.2644,136
45.0676,40.5178,136
43.3972,41.6178,136
41.4864,42.2082,136
39.5236,42.5921,136
37.8218,41.5414,136
36.281,40.2663,136
34.3704,40.8574,136
32.5226,40.092,136
30.5682,40.5164,136
28.917,39.3878,136
28.5888,37.415,136
26.9488,36.2702,136
25.696,34.7112,136
26.4217,32.8475,136
26.2601,30.854,136
24.3605,30.2285,136
23.4125,28.4674,136
22.457,26.7105,136
20.4619,26.8508,136
18.4621,26.8798,136
16.8545,25.6901,136
15.848,23.9618,136
14.3153,22.677,136
12.3192,22.8024,136
10.3345,22.5557,136
10.3455,20.5558,136
9.09781,18.9927,136
9.19093,16.9949,136
10.726,15.7129,136
10.9404,13.7244,136
10.7188,11.7368,136
10.303,9.78045,136
8.51274,8.88888,136
8.32701,6.89753,136
6.94923,5.4478,136
5,5,136
67.8716,50.3043,137
67.2244,48.4119,137
65.9638,46.8592,137
64.7668,45.257,137
64.2266,43.3314,137
62.2431,43.5877,137
61.8293,41.631,137
60.1488,40.5467,137
59.0695,38.8629,137
57.1519,39.4307,137
55.6279,38.1355,137
53.7057,37.5832,137
52.5523,39.2171,137
50.7336,40.0492,137
48.8354,40.6791,137
46.923,41.2644,137
45.0676,40.5178,137
43.3972,41.6178,137
41.4864,42.2082,137
39.5236,42.5921,137
37.8218,41.5414,137
36.281,40.2663,137
34.3704,40.8574,137
32.5226,40.092,137
30.5682,40.5164,137
28.917,39.3878,137
28.5888,37.415,137
26.9488,36.2702,137
25.696,34.7112,137
26.4217,32.8475,137
26.2601,30.854,137
24.3605,30.2285,137
23.4125,28.4674,137
22.457,26.7105,137
20.4619,26.8508,137
18.4621,26.8798,137
16.8545,25.6901,137
15.848,23.9618,137
14.3153,22.677,137
12.3192,22.8024,137
10.3345,22.5557,137
10.3455,20.5558,137
9.09781,18.9927,137
9.19093,16.9949,137
10.726,15.7129,137
10.9404,13.7244,137
10.7188,11.7368,137
10.303,9.78045,137
8.51274,8.88888,137
8.32701,6.89753,137
6.94923,5.4478,137
5,5,137
30.5853,42.5163,138
30.5682,40.5164,138
28.917,39.3878,138
28.5888,37.415,138
26.9488,36.2702,138
25.696,34.7112,138
26.4217,32.8475,138
26.2601,30.854,138
24.3605,30.2285,138
23.4125,28.4674,138
22.457,26.7105,138
20.4619,26.8508,138
18.4621,26.8798,138
16.8545,25.6901,138
15.848,23.9618,138
14.3153,22.677,138
12.3192,22.8024,138
10.3345,22.5557,138
10.3455,20.5558,138
9.09781,18.9927,138
9.19093,16.9949,138
10.726,15.7129,138
10.9404,13.7244,138
10.7188,11.7368,138
10.303,9.78045,138
8.51274,8.88888,138
8.32701,6.89753,138
6.94923,5.4478,138
5,5,138
67.1605,52.1737,139
67.8716,50.3043,139
67.2244,48.4119,139
65.9638,46.8592,139
64.7668,45.257,139
64.2266,43.3314,139
62.2431,43.5877,139
61.8293,41.631,139
60.1488,40.5467,139
59.0695,38.8629,139
57.1519,39.4307,139
55.6279,38.1355,139
53.7057,37.5832,139
52.5523,39.2171,139
50.7336,40.0492,139
48.8354,40.6791,139
46.923,41.2644,139
45.0676,40.5178,139
43.3972,41.6178,139
41.4864,42.2082,139
39.5236,42.5921,139
37.8218,41.5414,139
36.281,40.2663,139
34.3704,40.8574,139
32.5226,40.092,139
30.5682,40.5164,139
28.917,39.3878,139
28.5888,37.415,139
26.9488,36.2702,139
25.696,34.7112,139
26.4217,32.8475,139
26.2601,30.854,139
24.3605,30.2285,139
23.4125,28.4674,139
22.457,26.7105,139
20.4619,26.8508,139
18.4621,26.8798,139
16.8545,25.6901,139
15.848,23.9618,139
14.3153,22.677,139
12.3192,22.8024,139
10.3345,22.5557,139
10.3455,20.5558,139
9.09781,18.9927,139
9.19093,16.9949,139
10.726,15.7129,139
10.9404,13.7244,139
10.7188,11.7368,139
10.303,9.78045,139
8.51274,8.88888,139
8.32701,6.89753,139
6.94923,5.4478,139
5,5,139
67.5569,54.134,140
67.1605,52.1737,140
67.8716,50.3043,140
67.2244,48.4119,140
65.9638,46.8592,140
64.7668,45.257,140
64.2266,43.3314,140
62.2431,43.5877,140
61.8293,41.631,140
60.1488,40.5467,140
59.0695,38.8629,140
57.1519,39.4307,140
55.6279,38.1355,140
53.7057,37.5832,140
52.5523,39.2171,140
50.7336,40.0492,140
48.8354,40.6791,140
46.923,41.2644,140
45.0676,40.5178,140
43.3972,41.6178,140
41.4864,42.2082,140
39.5236,42.5921,140
37.8218,41.5414,140
36.281,40.2663,140
34.3704,40.8574,140
32.5226,40.092,140
30.5682,40.5164,140
28.917,39.3878,140
28.5888,37.415,140
26.9488,36.2702,140
25.696,34.7112,140
26.4217,32.8475,140
26.2601,30.854,140
24.3605,30.2285,140
23.4125,28.4674,140
22.457,26.7105,140
20.4619,26.8508,140
18.4621,26.8798,140
16.8545,25.6901,140
15.848,23.9618,140
14.3153,22.677,140
12.3192,22.8024,140
10.3345,22.5557,140
10.3455,20.5558,140
9.09781,18.9927,140
9.19093,16.9949,140
10.726,15.7129,140
10.9404,13.7244,140
10.7188,11.7368,140
10.303,9.78045,140
8.51274,8.88888,140
8.32701,6.89753,140
6.94923,5.4478,140
5,5,140
67.8171,56.117,141
67.5569,54.134,141
67.1605,52.1737,141
67.8716,50.3043,141
67.2244,48.4119,141
65.9638,46.8592,141
64.7668,45.257,141
64.2266,43.3314,141
62.2431,43.5877,141
61.8293,41.631,141
60.1488,40.5467,141
59.0695,38.8629,141
57.1519,39.4307,141
55.6279,38.1355,141
53.7057,37.5832,141
52.5523,39.2171,141
50.7336,40.0492,141
48.8354,40.6791,141
46.923,41.2644,141
45.0676,40.5178,141
43.3972,41.6178,141
41.4864,42.2082,141
39.5236,42.5921,141
37.8218,41.5414,141
36.281,40.2663,141
34.3704,40.8574,141
32.5226,40.092,141
30.5682,40.5164,141
28.917,39.3878,141
28.5888,37.415,141
26.9488,36.2702,141
25.696,34.7112,141
26.4217,32.8475,141
26.2601,30.854,141
24.3605,30.2285,141
23.4125,28.4674,141
22.457,26.7105,141
20.4619,26.8508,141
18.4621,26.8798,141
16.8545,25.6901,141
15.848,23.9618,141
14.3153,22.677,141
12.3192,22.8024,141
10.3345,22.5557,141
10.3455,20.5558,141
9.09781,18.9927,141
9.19093,16.9949,141
10.726,15.7129,141
10.9404,13.7244,141
10.7188,11.7368,141
10.303,9.78045,141
8.51274,8.88888,141
8.32701,6.89753,141
6.94923,5.4478,141
5,5,141
21.6521,71.8746,142
23.2465,70.6671,142
24.4739,69.0881,142
24.2091,67.1057,142
23.5606,65.2137,142
24.7503,63.606,142
25.5854,61.7887,142
25.6753,59.7907,142
26.6009,58.0178,142
25.7113,56.2265,142
26.5074,54.3917,142
26.0495,52.4448,142
27.5358,51.1065,142
27.8514,49.1316,142
27.0333,47.3066,142
27.9601,45.5343,142
29.2662,44.0197,142
30.5853,42.5163,142
30.5682,40.5164,142
28.917,39.3878,142
28.5888,37.415,142
26.9488,36.2702,142
25.696,34.7112,142
26.4217,32.8475,142
26.2601,30.854,142
24.3605,30.2285,142
23.4125,28.4674,142
22.457,26.7105,142
20.4619,26.8508,142
18.4621,26.8798,142
16.8545,25.6901,142
15.848,23.9618,142
14.3153,22.677,142
12.3192,22.8024,142
10.3345,22.5557,142
10.3455,20.5558,142
9.09781,18.9927,142
9.19093,16.9949,142
10.726,15.7129,142
10.9404,13.7244,142
10.7188,11.7368,142
10.303,9.78045,142
8.51274,8.88888,142
8.32701,6.89753,142
6.94923,5.4478,142
5,5,142
60.6417,29.8162,143
61.8123,31.4379,143
61.719,33.4357,143
60.5965,35.091,143
60,37,143
59.0695,38.8629,143
57.1519,39.4307,143
55.6279,38.1355,143
53.7057,37.5832,143
52.5523,39.2171,143
50.7336,40.0492,143
48.8354,40.6791,143
46.923,41.2644,143
45.0676,40.5178,143
43.3972,41.6178,143
41.4864,42.2082,143
39.5236,42.5921,143
37.8218,41.5414,143
36.281,40.2663,143
34.3704,40.8574,143
32.5226,40.092,143
30.5682,40.5164,143
28.917,39.3878,143
28.5888,37.415,143
26.9488,36.2702,143
25.696,34.7112,143
26.4217,32.8475,143
26.2601,30.854,143
24.3605,30.2285,143
23.4125,28.4674,143
22.457,26.7105,143
20.4619,26.8508,143
18.4621,26.8798,143
16.8545,25.6901,143
15.848,23.9618,143
14.3153,22.677,143
12.3192,22.8024,143
10.3345,22.5557,143
10.3455,20.5558,143
9.09781,18.9927,143
9.19093,16.9949,143
10.726,15.7129,143
10.9404,13.7244,143
10.7188,11.7368,143
10.303,9.78045,143
8.51274,8.88888,143
8.32701,6.89753,143
6.94923,5.4478,143
5,5,143
31.2366,74.5442,144
31.6129,72.5799,144
29.7145,71.9507,144
27.8831,71.1468,144
26.0822,70.2769,144
24.4739,69.0881,144
24.2091,67.1057,144
23.5606,65.2137,144
24.7503,63.606,144
25.5854,61.7887,144
25.6753,59.7907,144
26.6009,58.0178,144
25.7113,56.2265,144
26.5074,54.3917,144
26.0495,52.4448,144
27.5358,51.1065,144
27.8514,49.1316,144
27.0333,47.3066,144
27.9601,45.5343,144
29.2662,44.0197,144
30.5853,42.5163,144
30.5682,40.5164,144
28.917,39.3878,144
28.5888,37.415,144
26.9488,36.2702,144
25.696,34.7112,144
26.4217,32.8475,144
26.2601,30.854,144
24.3605,30.2285,144
23.4125,28.4674,144
22.457,26.7105,144
20.4619,26.8508,144
18.4621,26.8798,144
16.8545,25.6901,144
15.848,23.9618,144
14.3153,22.677,144
12.3192,22.8024,144
10.3345,22.5557,144
10.3455,20.5558,144
9.09781,18.9927,144
9.19093,16.9949,144
10.726,15.7129,144
10.9404,13.7244,144
10.7188,11.7368,144
10.303,9.78045,144
8.51274,8.88888,144
8.32701,6.89753,144
6.94923,5.4478,144
5,5,144
31.8364,44.0767,145
30.5853,42.5163,145
30.5682,40.5164,145
28.917,39.3878,145
28.5888,37.415,145
26.9488,36.2702,145
25.696,34.7112,145
26.4217,32.8475,145
26.2601,30.854,145
24.3605,30.2285,145
23.4125,28.4674,145
22.457,26.7105,145
20.4619,26.8508,145
18.4621,26.8798,145
16.8545,25.6901,145
15.848,23.9618,145
14.3153,22.677,145
12.3192,22.8024,145
10.3345,22.5557,145
10.3455,20.5558,145
9.09781,18.9927,145
9.19093,16.9949,145
10.726,15.7129,145
10.9404,13.7244,145
10.7188,11.7368,145
10.303,9.78045,145
8.51274,8.88888,145
8.32701,6.89753,145
6.94923,5.4478,145
5,5,145
78.0921,40.5664,146
76.2114,41.2469,146
74.4954,42.2742,146
72.7302,41.3339,146
70.9274,42.1998,146
70.0508,43.9975,146
68.1968,43.2474,146
66.2168,43.5293,146
64.2266,43.3314,146
62.2431,43.5877,146
61.8293,41.631,146
60.1488,40.5467,146
59.0695,38.8629,146
57.1519,39.4307,146
55.6279,38.1355,146
53.7057,37.5832,146
52.5523,39.2171,146
50.7336,40.0492,146
48.8354,40.6791,146
46.923,41.2644,146
45.0676,40.5178,146
43.3972,41.6178,146
41.4864,42.2082,146
39.5236,42.5921,146
37.8218,41.5414,146
36.281,40.2663,146
34.3704,40.8574,146
32.5226,40.092,146
30.5682,40.5164,146
28.917,39.3878,146
28.5888,37.415,146
26.9488,36.2702,146
25.696,34.7112,146
26.4217,32.8475,146
26.2601,30.854,146
24.3605,30.2285,146
23.4125,28.4674,146
22.457,26.7105,146
20.4619,26.8508,146
18.4621,26.8798,146
16.8545,25.6901,146
15.848,23.9618,146
14.3153,22.677,146
12.3192,22.8024,146
10.3345,22.5557,146
10.3455,20.5558,146
9.09781,18.9927,146
9.19093,16.9949,146
10.726,15.7129,146
10.9404,13.7244,146
10.7188,11.7368,146
10.303,9.78045,146
8.51274,8.88888,146
8.32701,6.89753,146
6.94923,5.4478,146
5,5,146
30.9632,76.5254,147
31.2366,74.5442,147
31.6129,72.5799,147
29.7145,71.9507,147
27.8831,71.1468,147
26.0822,70.2769,147
24.4739,69.0881,147
24.2091,67.1057,147
23.5606,65.2137,147
24.7503,63.606,147
25.5854,61.7887,147
25.6753,59.7907,147
26.6009,58.0178,147
25.7113,56.2265,147
26.5074,54.3917,147
26.0495,52.4448,147
27.5358,51.1065,147
27.8514,49.1316,147
27.0333,47.3066,147
27.9601,45.5343,147
29.2662,44.0197,147
30.5853,42.5163,147
30.5682,40.5164,147
28.917,39.3878,147
28.5888,37.415,147
26.9488,36.2702,147
25.696,34.7112,147
26.4217,32.8475,147
26.2601,30.854,147
24.3605,30.2285,147
23.4125,28.4674,147
22.457,26.7105,147
20.4619,26.8508,147
18.4621,26.8798,147
16.8545,25.6901,147
15.848,23.9618,147
14.3153,22.677,147
12.3192,22.8024,147
10.3345,22.5557,147
10.3455,20.5558,147
9.09781,18.9927,147
9.19093,16.9949,147
10.726,15.7129,147
10.9404,13.7244,147
10.7188,11.7368,147
10.303,9.78045,147
8.51274,8.88888,147
8.32701,6.89753,147
6.94923,5.4478,147
5,5,147
39,45,148
39.5236,42.5921,148
37.8218,41.5414,148
36.281,40.2663,148
34.3704,40.8574,148
32.5226,40.092,148
30.5682,40.5164,148
28.917,39.3878,148
28.5888,37.415,148
26.9488,36.2702,148
25.696,34.7112,148
26.4217,32.8475,148
26.2601,30.854,148
24.3605,30.2285,148
23.4125,28.4674,148
22.457,26.7105,148
20.4619,26.8508,148
18.4621,26.8798,148
16.8545,25.6901,148
15.848,23.9618,148
14.3153,22.677,148
12.3192,22.8024,148
10.3345,22.5557,148
10.3455,20.5558,148
9.09781,18.9927,148
9.19093,16.9949,148
10.726,15.7129,148
10.9404,13.7244,148
10.7188,11.7368,148
10.303,9.78045,148
8.51274,8.88888,148
8.32701,6.89753,148
6.94923,5.4478,148
5,5,148
25.3902,18.6879,149
25.2086,20.6796,149
25.6535,22.6295,149
25.8045,24.6238,149
24.3062,25.9485,149
22.457,26.7105,149
20.4619,26.8508,149
18.4621,26.8798,149
16.8545,25.6901,149
15.848,23.9618,149
14.3153,22.677,149
12.3192,22.8024,149
10.3345,22.5557,149
10.3455,20.5558,149
9.09781,18.9927,149
9.19093,16.9949,149
10.726,15.7129,149
10.9404,13.7244,149
10.7188,11.7368,149
10.303,9.78045,149
8.51274,8.88888,149
8.32701,6.89753,149
6.94923,5.4478,149
5,5,149
8.7454,28.0619,150
10.0405,26.5379,150
10.0692,24.5381,150
10.3345,22.5557,150
10.3455,20.5558,150
9.09781,18.9927,150
9.19093,16.9949,150
10.726,15.7129,150
10.9404,13.7244,150
10.7188,11.7368,150
10.303,9.78045,150
8.51274,8.88888,150
8.32701,6.89753,150
6.94923,5.4478,150
5,5,150
21.9206,56.9994,151
23.9175,57.1108,151
25.7113,56.2265,151
26.5074,54.3917,151
26.0495,52.4448,151
27.5358,51.1065,151
27.8514,49.1316,151
27.0333,47.3066,151
27.9601,45.5343,151
29.2662,44.0197,151
30.5853,42.5163,151
30.5682,40.5164,151
28.917,39.3878,151
28.5888,37.415,151
26.9488,36.2702,151
25.696,34.7112,151
26.4217,32.8475,151
26.2601,30.854,151
24.3605,30.2285,151
23.4125,28.4674,151
22.457,26.7105,151
20.4619,26.8508,151
18.4621,26.8798,151
16.8545,25.6901,151
15.848,23.9618,151
14.3153,22.677,151
12.3192,22.8024,151
10.3345,22.5557,151
10.3455,20.5558,151
9.09781,18.9927,151
9.19093,16.9949,151
10.726,15.7129,151
10.9404,13.7244,151
10.7188,11.7368,151
10.303,9.78045,151
8.51274,8.88888,151
8.32701,6.89753,151
6.94923,5.4478,151
5,5,151
66.6815,57.7634,152
67.8171,56.117,152
67.5569,54.134,152
67.1605,52.1737,152
67.8716,50.3043,152
67.2244,48.4119,152
65.9638,46.8592,152
64.7668,45.257,152
64.2266,43.3314,152
62.2431,43.5877,152
61.8293,41.631,152
60.1488,40.5467,152
59.0695,38.8629,152
57.1519,39.4307,152
55.6279,38.1355,152
53.7057,37.5832,152
52.5523,39.2171,152
50.7336,40.0492,152
48.8354,40.6791,152
46.923,41.2644,152
45.0676,40.5178,152
43.3972,41.6178,152
41.4864,42.2082,152
39.5236,42.5921,152
37.8218,41.5414,152
36.281,40.2663,152
34.3704,40.8574,152
32.5226,40.092,152
30.5682,40.5164,152
28.917,39.3878,152
28.5888,37.415,152
26.9488,36.2702,152
25.696,34.7112,152
26.4217,32.8475,152
26.2601,30.854,152
24.3605,30.2285,152
23.4125,28.4674,152
22.457,26.7105,152
20.4619,26.8508,152
18.4621,26.8798,152
16.8545,25.6901,152
15.848,23.9618,152
14.3153,22.677,152
12.3192,22.8024,152
10.3345,22.5557,152
10.3455,20.5558,152
9.09781,18.9927,152
9.19093,16.9949,152
10.726,15.7129,152
10.9404,13.7244,152
10.7188,11.7368,152
10.303,9.78045,152
8.51274,8.88888,152
8.32701,6.89753,152
6.94923,5.4478,152
5,5,152
66.937,59.747,153
66.6815,57.7634,153
67.8171,56.117,153
67.5569,54.134,153
67.1605,52.1737,153
67.8716,50.3043,153
67.2244,48.4119,153
65.9638,46.8592,153
64.7668,45.257,153
64.2266,43.3314,153
62.2431,43.5877,153
61.8293,41.631,153
60.1488,40.5467,153
59.0695,38.8629,153
57.1519,39.4307,153
55.6279,38.1355,153
53.7057,37.5832,153
52.5523,39.2171,153
50.7336,40.0492,153
48.8354,40.6791,153
46.923,41.2644,153
45.0676,40.5178,153
43.3972,41.6178,153
41.4864,42.2082,153
39.5236,42.5921,153
37.8218,41.5414,153
36.281,40.2663,153
34.3704,40.8574,153
32.5226,40.092,153
30.5682,40.5164,153
28.917,39.3878,153
28.5888,37.415,153
26.9488,36.2702,153
25.696,34.7112,153
26.4217,32.8475,153
26.2601,30.854,153
24.3605,30.2285,153
23.4125,28.4674,153
22.457,26.7105,153
20.4619,26.8508,153
18.4621,26.8798,153
16.8545,25.6901,153
15.848,23.9618,153
14.3153,22.677,153
12.3192,22.8024,153
10.3345,22.5557,153
10.3455,20.5558,153
9.09781,18.9927,153
9.19093,16.9949,153
10.726,15.7129,153
10.9404,13.7244,153
10.7188,11.7368,153
10.303,9.78045,153
8.51274,8.88888,153
8.32701,6.89753,153
6.94923,5.4478,153
5,5,153
67.8731,26.7695,154
66.6403,28.3444,154
64.6726,28.7026,154
63.4429,30.2799,154
61.8123,31.4379,154
61.719,33.4357,154
60.5965,35.091,154
60,37,154
59.0695,38.8629,154
57.1519,39.4307,154
55.6279,38.1355,154
53.7057,37.5832,154
52.5523,39.2171,154
50.7336,40.0492,154
48.8354,40.6791,154
46.923,41.2644,154
45.0676,40.5178,154
43.3972,41.6178,154
41.4864,42.2082,154
39.5236,42.5921,154
37.8218,41.5414,154
36.281,40.2663,154
34.3704,40.8574,154
32.5226,40.092,154
30.5682,40.5164,154
28.917,39.3878,154
28.5888,37.415,154
26.9488,36.2702,154
25.696,34.7112,154
26.4217,32.8475,154
26.2601,30.854,154
24.3605,30.2285,154
23.4125,28.4674,154
22.457,26.7105,154
20.4619,26.8508,154
18.4621,26.8798,154
16.8545,25.6901,154
15.848,23.9618,154
14.3153,22.677,154
12.3192,22.8024,154
10.3345,22.5557,154
10.3455,20.5558,154
9.09781,18.9927,154
9.19093,16.9949,154
10.726,15.7129,154
10.9404,13.7244,154
10.7188,11.7368,154
10.303,9.78045,154
8.51274,8.88888,154
8.32701,6.89753,154
6.94923,5.4478,154
5,5,154
29.5229,23.1904,155
27.7258,24.0682,155
25.8045,24.6238,155
24.3062,25.9485,155
22.457,26.7105,155
20.4619,26.8508,155
18.4621,26.8798,155
16.8545,25.6901,155
15.848,23.9618,155
14.3153,22.677,155
12.3192,22.8024,155
10.3345,22.5557,155
10.3455,20.5558,155
9.09781,18.9927,155
9.19093,16.9949,155
10.726,15.7129,155
10.9404,13.7244,155
10.7188,11.7368,155
10.303,9.78045,155
8.51274,8.88888,155
8.32701,6.89753,155
6.94923,5.4478,155
5,5,155
31.8891,78.2982,156
30.9632,76.5254,156
31.2366,74.5442,156
31.6129,72.5799,156
29.7145,71.9507,156
27.8831,71.1468,156
26.0822,70.2769,156
24.4739,69.0881,156
24.2091,67.1057,156
23.5606,65.2137,156
24.7503,63.606,156
25.5854,61.7887,156
25.6753,59.7907,156
26.6009,58.0178,156
25.7113,56.2265,156
26.5074,54.3917,156
26.0495,52.4448,156
27.5358,51.1065,156
27.8514,49.1316,156
27.0333,47.3066,156
27.9601,45.5343,156
29.2662,44.0197,156
30.5853,42.5163,156
30.5682,40.5164,156
28.917,39.3878,156
28.5888,37.415,156
26.9488,36.2702,156
25.696,34.7112,156
26.4217,32.8475,156
26.2601,30.854,156
24.3605,30.2285,156
23.4125,28.4674,156
22.457,26.7105,156
20.4619,26.8508,156
18.4621,26.8798,156
16.8545,25.6901,156
15.848,23.9618,156
14.3153,22.677,156
12.3192,22.8024,156
10.3345,22.5557,156
10.3455,20.5558,156
9.09781,18.9927,156
9.19093,16.9949,156
10.726,15.7129,156
10.9404,13.7244,156
10.7188,11.7368,156
10.303,9.78045,156
8.51274,8.88888,156
8.32701,6.89753,156
6.94923,5.4478,156
5,5,156
31.8891,78.2982,157
30.9632,76.5254,157
31.2366,74.5442,157
31.6129,72.5799,157
29.7145,71.9507,157
27.8831,71.1468,157
26.0822,70.2769,157
24.4739,69.0881,157
24.2091,67.1057,157
23.5606,65.2137,157
24.7503,63.606,157
25.5854,61.7887,157
25.6753,59.7907,157
26.6009,58.0178,157
25.7113,56.2265,157
26.5074,54.3917,157
26.0495,52.4448,157
27.5358,51.1065,157
27.8514,49.1316,157
27.0333,47.3066,157
27.9601,45.5343,157
29.2662,44.0197,157
30.5853,42.5163,157
30.5682,40.5164,157
28.917,39.3878,157
28.5888,37.415,157
26.9488,36.2702,157
25.696,34.7112,157
26.4217,32.8475,157
26.2601,30.854,157
24.3605,30.2285,157
23.4125,28.4674,157
22.457,26.7105,157
20.4619,26.8508,157
18.4621,26.8798,157
16.8545,25.6901,157
15.848,23.9618,157
14.3153,22.677,157
12.3192,22.8024,157
10.3345,22.5557,157
10.3455,20.5558,157
9.09781,18.9927,157
9.19093,16.9949,157
10.726,15.7129,157
10.9404,13.7244,157
10.7188,11.7368,157
10.303,9.78045,157
8.51274,8.88888,157
8.32701,6.89753,157
6.94923,5.4478,157
5,5,157
37.0924,17.4995,158
35.5625,18.7876,158
34.8578,20.6594,158
33.3229,21.9415,158
31.4197,22.5563,158
29.5229,23.1904,158
27.7258,24.0682,158
25.8045,24.6238,158
24.3062,25.9485,158
22.457,26.7105,158
20.4619,26.8508,158
18.4621,26.8798,158
16.8545,25.6901,158
15.848,23.9618,158
14.3153,22.677,158
12.3192,22.8024,158
10.3345,22.5557,158
10.3455,20.5558,158
9.09781,18.9927,158
9.19093,16.9949,158
10.726,15.7129,158
10.9404,13.7244,158
10.7188,11.7368,158
10.303,9.78045,158
8.51274,8.88888,158
8.32701,6.89753,158
6.94923,5.4478,158
5,5,158
59.1584,28.4746,159
60.6417,29.8162,159
61.8123,31.4379,159
61.719,33.4357,159
60.5965,35.091,159
60,37,159
59.0695,38.8629,159
57.1519,39.4307,159
55.6279,38.1355,159
53.7057,37.5832,159
52.5523,39.2171,159
50.7336,40.0492,159
48.8354,40.6791,159
46.923,41.2644,159
45.0676,40.5178,159
43.3972,41.6178,159
41.4864,42.2082,159
39.5236,42.5921,159
37.8218,41.5414,159
36.281,40.2663,159
34.3704,40.8574,159
32.5226,40.092,159
30.5682,40.5164,159
28.917,39.3878,159
28.5888,37.415,159
26.9488,36.2702,159
25.696,34.7112,159
26.4217,32.8475,159
26.2601,30.854,159
24.3605,30.2285,159
23.4125,28.4674,159
22.457,26.7105,159
20.4619,26.8508,159
18.4621,26.8798,159
16.8545,25.6901,159
15.848,23.9618,159
14.3153,22.677,159
12.3192,22.8024,159
10.3345,22.5557,159
10.3455,20.5558,159
9.09781,18.9927,159
9.19093,16.9949,159
10.726,15.7129,159
10.9404,13.7244,159
10.7188,11.7368,159
10.303,9.78045,159
8.51274,8.88888,159
8.32701,6.89753,159
6.94923,5.4478,159
5,5,159
30.7621,79.9505,160
31.8891,78.2982,160
30.9632,76.5254,160
31.2366,74.5442,160
31.6129,72.5799,160
29.7145,71.9507,160
27.8831,71.1468,160
26.0822,70.2769,160
24.4739,69.0881,160
24.2091,67.1057,160
23.5606,65.2137,160
24.7503,63.606,160
25.5854,61.7887,160
25.6753,59.7907,160
26.6009,58.0178,160
25.7113,56.2265,160
26.5074,54.3917,160
26.0495,52.4448,160
27.5358,51.1065,160
27.8514,49.1316,160
27.0333,47.3066,160
27.9601,45.5343,160
29.2662,44.0197,160
30.5853,42.5163,160
30.5682,40.5164,160
28.917,39.3878,160
28.5888,37.415,160
26.9488,36.2702,160
25.696,34.7112,160
26.4217,32.8475,160
26.2601,30.854,160
24.3605,30.2285,160
23.4125,28.4674,160
22.457,26.7105,160
20.4619,26.8508,160
18.4621,26.8798,160
16.8545,25.6901,160
15.848,23.9618,160
14.3153,22.677,160
12.3192,22.8024,160
10.3345,22.5557,160
10.3455,20.5558,160
9.09781,18.9927,160
9.19093,16.9949,160
10.726,15.7129,160
10.9404,13.7244,160
10.7188,11.7368,160
10.303,9.78045,160
8.51274,8.88888,160
8.32701,6.89753,160
6.94923,5.4478,160
5,5,160
22.485,73.6928,161
21.6521,71.8746,161
23.2465,70.6671,161
24.4739,69.0881,161
24.2091,67.1057,161
23.5606,65.2137,161
24.7503,63.606,161
25.5854,61.7887,161
25.6753,59.7907,161
26.6009,58.0178,161
25.7113,56.2265,161
26.5074,54.3917,161
26.0495,52.4448,161
27.5358,51.1065,161
27.8514,49.1316,161
27.0333,47.3066,161
27.9601,45.5343,161
29.2662,44.0197,161
30.5853,42.5163,161
30.5682,40.5164,161
28.917,39.3878,161
28.5888,37.415,161
26.9488,36.2702,161
25.696,34.7112,161
26.4217,32.8475,161
26.2601,30.854,161
24.3605,30.2285,161
23.4125,28.4674,161
22.457,26.7105,161
20.4619,26.8508,161
18.4621,26.8798,161
16.8545,25.6901,161
15.848,23.9618,161
14.3153,22.677,161
12.3192,22.8024,161
10.3345,22.5557,161
10.3455,20.5558,161
9.09781,18.9927,161
9.19093,16.9949,161
10.726,15.7129,161
10.9404,13.7244,161
10.7188,11.7368,161
10.303,9.78045,161
8.51274,8.88888,161
8.32701,6.89753,161
6.94923,5.4478,161
5,5,161
79.284,42.1724,162
78.0921,40.5664,162
76.2114,41.2469,162
74.4954,42.2742,162
72.7302,41.3339,162
70.9274,42.1998,162
70.0508,43.9975,162
68.1968,43.2474,162
66.2168,43.5293,162
64.2266,43.3314,162
62.2431,43.5877,162
61.8293,41.631,162
60.1488,40.5467,162
59.0695,38.8629,162
57.1519,39.4307,162
55.6279,38.1355,162
53.7057,37.5832,162
52.5523,39.2171,162
50.7336,40.0492,162
48.8354,40.6791,162
46.923,41.2644,162
45.0676,40.5178,162
43.3972,41.6178,162
41.4864,42.2082,162
39.5236,42.5921,162
37.8218,41.5414,162
36.281,40.2663,162
34.3704,40.8574,162
32.5226,40.092,162
30.5682,40.5164,162
28.917,39.3878,162
28.5888,37.415,162
26.9488,36.2702,162
25.696,34.7112,162
26.4217,32.8475,162
26.2601,30.854,162
24.3605,30.2285,162
23.4125,28.4674,162
22.457,26.7105,162
20.4619,26.8508,162
18.4621,26.8798,162
16.8545,25.6901,162
15.848,23.9618,162
14.3153,22.677,162
12.3192,22.8024,162
10.3345,22.5557,162
10.3455,20.5558,162
9.09781,18.9927,162
9.19093,16.9949,162
10.726,15.7129,162
10.9404,13.7244,162
10.7188,11.7368,162
10.303,9.78045,162
8.51274,8.88888,162
8.32701,6.89753,162
6.94923,5.4478,162
5,5,162
68.3152,61.1963,163
66.937,59.747,163
66.6815,57.7634,163
67.8171,56.117,163
67.5569,54.134,163
67.1605,52.1737,163
67.8716,50.3043,163
67.2244,48.4119,163
65.9638,46.8592,163
64.7668,45.257,163
64.2266,43.3314,163
62.2431,43.5877,163
61.8293,41.631,163
60.1488,40.5467,163
59.0695,38.8629,163
57.1519,39.4307,163
55.6279,38.1355,163
53.7057,37.5832,163
52.5523,39.2171,163
50.7336,40.0492,163
48.8354,40.6791,163
46.923,41.2644,163
45.0676,40.5178,163
43.3972,41.6178,163
41.4864,42.2082,163
39.5236,42.5921,163
37.8218,41.5414,163
36.281,40.2663,163
34.3704,40.8574,163
32.5226,40.092,163
30.5682,40.5164,163
28.917,39.3878,163
28.5888,37.415,163
26.9488,36.2702,163
25.696,34.7112,163
26.4217,32.8475,163
26.2601,30.854,163
24.3605,30.2285,163
23.4125,28.4674,163
22.457,26.7105,163
20.4619,26.8508,163
18.4621,26.8798,163
16.8545,25.6901,163
15.848,23.9618,163
14.3153,22.677,163
12.3192,22.8024,163
10.3345,22.5557,163
10.3455,20.5558,163
9.09781,18.9927,163
9.19093,16.9949,163
10.726,15.7129,163
10.9404,13.7244,163
10.7188,11.7368,163
10.303,9.78045,163
8.51274,8.88888,163
8.32701,6.89753,163
6.94923,5.4478,163
5,5,163
19.9206,56.9995,164
21.9206,56.9994,164
23.9175,57.1108,164
25.7113,56.2265,164
26.5074,54.3917,164
26.0495,52.4448,164
27.5358,51.1065,164
27.8514,49.1316,164
27.0333,47.3066,164
27.9601,45.5343,164
29.2662,44.0197,164
30.5853,42.5163,164
30.5682,40.5164,164
28.917,39.3878,164
28.5888,37.415,164
26.9488,36.2702,164
25.696,34.7112,164
26.4217,32.8475,164
26.2601,30.854,164
24.3605,30.2285,164
23.4125,28.4674,164
22.457,26.7105,164
20.4619,26.8508,164
18.4621,26.8798,164
16.8545,25.6901,164
15.848,23.9618,164
14.3153,22.677,164
12.3192,22.8024,164
10.3345,22.5557,164
10.3455,20.5558,164
9.09781,18.9927,164
9.19093,16.9949,164
10.726,15.7129,164
10.9404,13.7244,164
10.7188,11.7368,164
10.303,9.78045,164
8.51274,8.88888,164
8.32701,6.89753,164
6.94923,5.4478,164
5,5,164
31.0767,81.9256,165
30.7621,79.9505,165
31.8891,78.2982,165
30.9632,76.5254,165
31.2366,74.5442,165
31.6129,72.5799,165
29.7145,71.9507,165
27.8831,71.1468,165
26.0822,70.2769,165
24.4739,69.0881,165
24.2091,67.1057,165
23.5606,65.2137,165
24.7503,63.606,165
25.5854,61.7887,165
25.6753,59.7907,165
26.6009,58.0178,165
25.7113,56.2265,165
26.5074,54.3917,165
26.0495,52.4448,165
27.5358,51.1065,165
27.8514,49.1316,165
27.0333,47.3066,165
27.9601,45.5343,165
29.2662,44.0197,165
30.5853,42.5163,165
30.5682,40.5164,165
28.917,39.3878,165
28.5888,37.415,165
26.9488,36.2702,165
25.696,34.7112,165
26.4217,32.8475,165
26.2601,30.854,165
24.3605,30.2285,165
23.4125,28.4674,165
22.457,26.7105,165
20.4619,26.8508,165
18.4621,26.8798,165
16.8545,25.6901,165
15.848,23.9618,165
14.3153,22.677,165
12.3192,22.8024,165
10.3345,22.5557,165
10.3455,20.5558,165
9.09781,18.9927,165
9.19093,16.9949,165
10.726,15.7129,165
10.9404,13.7244,165
10.7188,11.7368,165
10.303,9.78045,165
8.51274,8.88888,165
8.32701,6.89753,165
6.94923,5.4478,165
5,5,165
39.018,18.04,166
37.0924,17.4995,166
35.5625,18.7876,166
34.8578,20.6594,166
33.3229,21.9415,166
31.4197,22.5563,166
29.5229,23.1904,166
27.7258,24.0682,166
25.8045,24.6238,166
24.3062,25.9485,166
22.457,26.7105,166
20.4619,26.8508,166
18.4621,26.8798,166
16.8545,25.6901,166
15.848,23.9618,166
14.3153,22.677,166
12.3192,22.8024,166
10.3345,22.5557,166
10.3455,20.5558,166
9.09781,18.9927,166
9.19093,16.9949,166
10.726,15.7129,166
10.9404,13.7244,166
10.7188,11.7368,166
10.303,9.78045,166
8.51274,8.88888,166
8.32701,6.89753,166
6.94923,5.4478,166
5,5,166
69.7687,26.1319,167
67.8731,26.7695,167
66.6403,28.3444,167
64.6726,28.7026,167
63.4429,30.2799,167
61.8123,31.4379,167
61.719,33.4357,167
60.5965,35.091,167
60,37,167
59.0695,38.8629,167
57.1519,39.4307,167
55.6279,38.1355,167
53.7057,37.5832,167
52.5523,39.2171,167
50.7336,40.0492,167
48.8354,40.6791,167
46.923,41.2644,167
45.0676,40.5178,167
43.3972,41.6178,167
41.4864,42.2082,167
39.5236,42.5921,167
37.8218,41.5414,167
36.281,40.2663,167
34.3704,40.8574,167
32.5226,40.092,167
30.5682,40.5164,167
28.917,39.3878,167
28.5888,37.415,167
26.9488,36.2702,167
25.696,34.7112,167
26.4217,32.8475,167
26.2601,30.854,167
24.3605,30.2285,167
23.4125,28.4674,167
22.457,26.7105,167
20.4619,26.8508,167
18.4621,26.8798,167
16.8545,25.6901,167
15.848,23.9618,167
14.3153,22.677,167
12.3192,22.8024,167
10.3345,22.5557,167
10.3455,20.5558,167
9.09781,18.9927,167
9.19093,16.9949,167
10.726,15.7129,167
10.9404,13.7244,167
10.7188,11.7368,167
10.303,9.78045,167
8.51274,8.88888,167
8.32701,6.89753,167
6.94923,5.4478,167
5,5,167
71.3453,24.9014,168
69.7687,26.1319,168
67.8731,26.7695,168
66.6403,28.3444,168
64.6726,28.7026,168
63.4429,30.2799,168
61.8123,31.4379,168
61.719,33.4357,168
60.5965,35.091,168
60,37,168
59.0695,38.8629,168
57.1519,39.4307,168
55.6279,38.1355,168
53.7057,37.5832,168
52.5523,39.2171,168
50.7336,40.0492,168
48.8354,40.6791,168
46.923,41.2644,168
45.0676,40.5178,168
43.3972,41.6178,168
41.4864,42.2082,168
39.5236,42.5921,168
37.8218,41.5414,168
36.281,40.2663,168
34.3704,40.8574,168
32.5226,40.092,168
30.5682,40.5164,168
28.917,39.3878,168
28.5888,37.415,168
26.9488,36.2702,168
25.696,34.7112,168
26.4217,32.8475,168
26.2601,30.854,168
24.3605,30.2285,168
23.4125,28.4674,168
22.457,26.7105,168
20.4619,26.8508,168
18.4621,26.8798,168
16.8545,25.6901,168
15.848,23.9618,168
14.3153,22.677,168
12.3192,22.8024,168
10.3345,22.5557,168
10.3455,20.5558,168
9.09781,18.9927,168
9.19093,16.9949,168
10.726,15.7129,168
10.9404,13.7244,168
10.7188,11.7368,168
10.303,9.78045,168
8.51274,8.88888,168
8.32701,6.89753,168
6.94923,5.4478,168
5,5,168
72.9002,23.6434,169
71.3453,24.9014,169
69.7687,26.1319,169
67.8731,26.7695,169
66.6403,28.3444,169
64.6726,28.7026,169
63.4429,30.2799,169
61.8123,31.4379,169
61.719,33.4357,169
60.5965,35.091,169
60,37,169
59.0695,38.8629,169
57.1519,39.4307,169
55.6279,38.1355,169
53.7057,37.5832,169
52.5523,39.2171,169
50.7336,40.0492,169
48.8354,40.6791,169
46.923,41.2644,169
45.0676,40.5178,169
43.3972,41.6178,169
41.4864,42.2082,169
39.5236,42.5921,169
37.8218,41.5414,169
36.281,40.2663,169
34.3704,40.8574,169
32.5226,40.092,169
30.5682,40.5164,169
28.917,39.3878,169
28.5888,37.415,169
26.9488,36.2702,169
25.696,34.7112,169
26.4217,32.8475,169
26.2601,30.854,169
24.3605,30.2285,169
23.4125,28.4674,169
22.457,26.7105,169
20.4619,26.8508,169
18.4621,26.8798,169
16.8545,25.6901,169
15.848,23.9618,169
14.3153,22.677,169
12.3192,22.8024,169
10.3345,22.5557,169
10.3455,20.5558,169
9.09781,18.9927,169
9.19093,16.9949,169
10.726,15.7129,169
10.9404,13.7244,169
10.7188,11.7368,169
10.303,9.78045,169
8.51274,8.88888,169
8.32701,6.89753,169
6.94923,5.4478,169
5,5,169
8.92674,31.6047,170
9.759,29.7861,170
8.7454,28.0619,170
10.0405,26.5379,170
10.0692,24.5381,170
10.3345,22.5557,170
10.3455,20.5558,170
9.09781,18.9927,170
9.19093,16.9949,170
10.726,15.7129,170
10.9404,13.7244,170
10.7188,11.7368,170
10.303,9.78045,170
8.51274,8.88888,170
8.32701,6.89753,170
6.94923,5.4478,170
5,5,170
8.51274,8.88888,171
8.32701,6.89753,171
6.94923,5.4478,171
5,5,171
34.1695,15.0689,172
34.6409,17.0126,172
35.5625,18.7876,172
34.8578,20.6594,172
33.3229,21.9415,172
31.4197,22.5563,172
29.5229,23.1904,172
27.7258,24.0682,172
25.8045,24.6238,172
24.3062,25.9485,172
22.457,26.7105,172
20.4619,26.8508,172
18.4621,26.8798,172
16.8545,25.6901,172
15.848,23.9618,172
14.3153,22.677,172
12.3192,22.8024,172
10.3345,22.5557,172
10.3455,20.5558,172
9.09781,18.9927,172
9.19093,16.9949,172
10.726,15.7129,172
10.9404,13.7244,172
10.7188,11.7368,172
10.303,9.78045,172
8.51274,8.88888,172
8.32701,6.89753,172
6.94923,5.4478,172
5,5,172
70.1894,61.8945,173
68.3152,61.1963,173
66.937,59.747,173
66.6815,57.7634,173
67.8171,56.117,173
67.5569,54.134,173
67.1605,52.1737,173
67.8716,50.3043,173
67.2244,48.4119,173
65.9638,46.8592,173
64.7668,45.257,173
64.2266,43.3314,173
62.2431,43.5877,173
61.8293,41.631,173
60.1488,40.5467,173
59.0695,38.8629,173
57.1519,39.4307,173
55.6279,38.1355,173
53.7057,37.5832,173
52.5523,39.2171,173
50.7336,40.0492,173
48.8354,40.6791,173
46.923,41.2644,173
45.0676,40.5178,173
43.3972,41.6178,173
41.4864,42.2082,173
39.5236,42.5921,173
37.8218,41.5414,173
36.281,40.2663,173
34.3704,40.8574,173
32.5226,40.092,173
30.5682,40.5164,173
28.917,39.3878,173
28.5888,37.415,173
26.9488,36.2702,173
25.696,34.7112,173
26.4217,32.8475,173
26.2601,30.854,173
24.3605,30.2285,173
23.4125,28.4674,173
22.457,26.7105,173
20.4619,26.8508,173
18.4621,26.8798,173
16.8545,25.6901,173
15.848,23.9618,173
14.3153,22.677,173
12.3192,22.8024,173
10.3345,22.5557,173
10.3455,20.5558,173
9.09781,18.9927,173
9.19093,16.9949,173
10.726,15.7129,173
10.9404,13.7244,173
10.7188,11.7368,173
10.303,9.78045,173
8.51274,8.88888,173
8.32701,6.89753,173
6.94923,5.4478,173
5,5,173
72.1226,62.4068,174
70.1894,61.8945,174
68.3152,61.1963,174
66.937,59.747,174
66.6815,57.7634,174
67.8171,56.117,174
67.5569,54.134,174
67.1605,52.1737,174
67.8716,50.3043,174
67.2244,48.4119,174
65.9638,46.8592,174
64.7668,45.257,174
64.2266,43.3314,174
62.2431,43.5877,174
61.8293,41.631,174
60.1488,40.5467,174
59.0695,38.8629,174
57.1519,39.4307,174
55.6279,38.1355,174
53.7057,37.5832,174
52.5523,39.2171,174
50.7336,40.0492,174
48.8354,40.6791,174
46.923,41.2644,174
45.0676,40.5178,174
43.3972,41.6178,174
41.4864,42.2082,174
39.5236,42.5921,174
37.8218,41.5414,174
36.281,40.2663,174
34.3704,40.8574,174
32.5226,40.092,174
30.5682,40.5164,174
28.917,39.3878,174
28.5888,37.415,174
26.9488,36.2702,174
25.696,34.7112,174
26.4217,32.8475,174
26.2601,30.854,174
24.3605,30.2285,174
23.4125,28.4674,174
22.457,26.7105,174
20.4619,26.8508,174
18.4621,26.8798,174
16.8545,25.6901,174
15.848,23.9618,174
14.3153,22.677,174
12.3192,22.8024,174
10.3345,22.5557,174
10.3455,20.5558,174
9.09781,18.9927,174
9.19093,16.9949,174
10.726,15.7129,174
10.9404,13.7244,174
10.7188,11.7368,174
10.303,9.78045,174
8.51274,8.88888,174
8.32701,6.89753,174
6.94923,5.4478,174
5,5,174
17.9245,57.1249,175
19.9206,56.9995,175
21.9206,56.9994,175
23.9175,57.1108,175
25.7113,56.2265,175
26.5074,54.3917,175
26.0495,52.4448,175
27.5358,51.1065,175
27.8514,49.1316,175
27.0333,47.3066,175
27.9601,45.5343,175
29.2662,44.0197,175
30.5853,42.5163,175
30.5682,40.5164,175
28.917,39.3878,175
28.5888,37.415,175
26.9488,36.2702,175
25.696,34.7112,175
26.4217,32.8475,175
26.2601,30.854,175
24.3605,30.2285,175
23.4125,28.4674,175
22.457,26.7105,175
20.4619,26.8508,175
18.4621,26.8798,175
16.8545,25.6901,175
15.848,23.9618,175
14.3153,22.677,175
12.3192,22.8024,175
10.3345,22.5557,175
10.3455,20.5558,175
9.09781,18.9927,175
9.19093,16.9949,175
10.726,15.7129,175
10.9404,13.7244,175
10.7188,11.7368,175
10.303,9.78045,175
8.51274,8.88888,175
8.32701,6.89753,175
6.94923,5.4478,175
5,5,175
72.916,21.6435,176
72.9002,23.6434,176
71.3453,24.9014,176
69.7687,26.1319,176
67.8731,26.7695,176
66.6403,28.3444,176
64.6726,28.7026,176
63.4429,30.2799,176
61.8123,31.4379,176
61.719,33.4357,176
60.5965,35.091,176
60,37,176
59.0695,38.8629,176
57.1519,39.4307,176
55.6279,38.1355,176
53.7057,37.5832,176
52.5523,39.2171,176
50.7336,40.0492,176
48.8354,40.6791,176
46.923,41.2644,176
45.0676,40.5178,176
43.3972,41.6178,176
41.4864,42.2082,176
39.5236,42.5921,176
37.8218,41.5414,176
36.281,40.2663,176
34.3704,40.8574,176
32.5226,40.092,176
30.5682,40.5164,176
28.917,39.3878,176
28.5888,37.415,176
26.9488,36.2702,176
25.696,34.7112,176
26.4217,32.8475,176
26.2601,30.854,176
24.3605,30.2285,176
23.4125,28.4674,176
22.457,26.7105,176
20.4619,26.8508,176
18.4621,26.8798,176
16.8545,25.6901,176
15.848,23.9618,176
14.3153,22.677,176
12.3192,22.8024,176
10.3345,22.5557,176
10.3455,20.5558,176
9.09781,18.9927,176
9.19093,16.9949,176
10.726,15.7129,176
10.9404,13.7244,176
10.7188,11.7368,176
10.303,9.78045,176
8.51274,8.88888,176
8.32701,6.89753,176
6.94923,5.4478,176
5,5,176
62.2431,43.5877,177
61.8293,41.631,177
60.1488,40.5467,177
59.0695,38.8629,177
57.1519,39.4307,177
55.6279,38.1355,177
53.7057,37.5832,177
52.5523,39.2171,177
50.7336,40.0492,177
48.8354,40.6791,177
46.923,41.2644,177
45.0676,40.5178,177
43.3972,41.6178,177
41.4864,42.2082,177
39.5236,42.5921,177
37.8218,41.5414,177
36.281,40.2663,177
34.3704,40.8574,177
32.5226,40.092,177
30.5682,40.5164,177
28.917,39.3878,177
28.5888,37.415,177
26.9488,36.2702,177
25.696,34.7112,177
26.4217,32.8475,177
26.2601,30.854,177
24.3605,30.2285,177
23.4125,28.4674,177
22.457,26.7105,177
20.4619,26.8508,177
18.4621,26.8798,177
16.8545,25.6901,177
15.848,23.9618,177
14.3153,22.677,177
12.3192,22.8024,177
10.3345,22.5557,177
10.3455,20.5558,177
9.09781,18.9927,177
9.19093,16.9949,177
10.726,15.7129,177
10.9404,13.7244,177
10.7188,11.7368,177
10.303,9.78045,177
8.51274,8.88888,177
8.32701,6.89753,177
6.94923,5.4478,177
5,5,177
52.5523,39.2171,178
50.7336,40.0492,178
48.8354,40.6791,178
46.923,41.2644,178
45.0676,40.5178,178
43.3972,41.6178,178
41.4864,42.2082,178
39.5236,42.5921,178
37.8218,41.5414,178
36.281,40.2663,178
34.3704,40.8574,178
32.5226,40.092,178
30.5682,40.5164,178
28.917,39.3878,178
28.5888,37.415,178
26.9488,36.2702,178
25.696,34.7112,178
26.4217,32.8475,178
26.2601,30.854,178
24.3605,30.2285,178
23.4125,28.4674,178
22.457,26.7105,178
20.4619,26.8508,178
18.4621,26.8798,178
16.8545,25.6901,178
15.848,23.9618,178
14.3153,22.677,178
12.3192,22.8024,178
10.3345,22.5557,178
10.3455,20.5558,178
9.09781,18.9927,178
9.19093,16.9949,178
10.726,15.7129,178
10.9404,13.7244,178
10.7188,11.7368,178
10.303,9.78045,178
8.51274,8.88888,178
8.32701,6.89753,178
6.94923,5.4478,178
5,5,178
25.5854,61.7887,179
25.6753,59.7907,179
26.6009,58.0178,179
25.7113,56.2265,179
26.5074,54.3917,179
26.0495,52.4448,179
27.5358,51.1065,179
27.8514,49.1316,179
27.0333,47.3066,179
27.9601,45.5343,179
29.2662,44.0197,179
30.5853,42.5163,179
30.5682,40.5164,179
28.917,39.3878,179
28.5888,37.415,179
26.9488,36.2702,179
25.696,34.7112,179
26.4217,32.8475,179
26.2601,30.854,179
24.3605,30.2285,179
23.4125,28.4674,179
22.457,26.7105,179
20.4619,26.8508,179
18.4621,26.8798,179
16.8545,25.6901,179
15.848,23.9618,179
14.3153,22.677,179
12.3192,22.8024,179
10.3345,22.5557,179
10.3455,20.5558,179
9.09781,18.9927,179
9.19093,16.9949,179
10.726,15.7129,179
10.9404,13.7244,179
10.7188,11.7368,179
10.303,9.78045,179
8.51274,8.88888,179
8.32701,6.89753,179
6.94923,5.4478,179
5,5,179
34.6622,13.1306,180
34.1695,15.0689,180
34.6409,17.0126,180
35.5625,18.7876,180
34.8578,20.6594,180
33.3229,21.9415,180
31.4197,22.5563,180
29.5229,23.1904,180
27.7258,24.0682,180
25.8045,24.6238,180
24.3062,25.9485,180
22.457,26.7105,180
20.4619,26.8508,180
18.4621,26.8798,180
16.8545,25.6901,180
15.848,23.9618,180
14.3153,22.677,180
12.3192,22.8024,180
10.3345,22.5557,180
10.3455,20.5558,180
9.09781,18.9927,180
9.19093,16.9949,180
10.726,15.7129,180
10.9404,13.7244,180
10.7188,11.7368,180
10.303,9.78045,180
8.51274,8.88888,180
8.32701,6.89753,180
6.94923,5.4478,180
5,5,180
60.1488,40.5467,181
59.0695,38.8629,181
57.1519,39.4307,181
55.6279,38.1355,181
53.7057,37.5832,181
52.5523,39.2171,181
50.7336,40.0492,181
48.8354,40.6791,181
46.923,41.2644,181
45.0676,40.5178,181
43.3972,41.6178,181
41.4864,42.2082,181
39.5236,42.5921,181
37.8218,41.5414,181
36.281,40.2663,181
34.3704,40.8574,181
32.5226,40.092,181
30.5682,40.5164,181
28.917,39.3878,181
28.5888,37.415,181
26.9488,36.2702,181
25.696,34.7112,181
26.4217,32.8475,181
26.2601,30.854,181
24.3605,30.2285,181
23.4125,28.4674,181
22.457,26.7105,181
20.4619,26.8508,181
18.4621,26.8798,181
16.8545,25.6901,181
15.848,23.9618,181
14.3153,22.677,181
12.3192,22.8024,181
10.3345,22.5557,181
10.3455,20.5558,181
9.09781,18.9927,181
9.19093,16.9949,181
10.726,15.7129,181
10.9404,13.7244,181
10.7188,11.7368,181
10.303,9.78045,181
8.51274,8.88888,181
8.32701,6.89753,181
6.94923,5.4478,181
5,5,181
61.8123,31.4379,182
61.719,33.4357,182
60.5965,35.091,182
60,37,182
59.0695,38.8629,182
57.1519,39.4307,182
55.6279,38.1355,182
53.7057,37.5832,182
52.5523,39.2171,182
50.7336,40.0492,182
48.8354,40.6791,182
46.923,41.2644,182
45.0676,40.5178,182
43.3972,41.6178,182
41.4864,42.2082,182
39.5236,42.5921,182
37.8218,41.5414,182
36.281,40.2663,182
34.3704,40.8574,182
32.5226,40.092,182
30.5682,40.5164,182
28.917,39.3878,182
28.5888,37.415,182
26.9488,36.2702,182
25.696,34.7112,182
26.4217,32.8475,182
26.2601,30.854,182
24.3605,30.2285,182
23.4125,28.4674,182
22.457,26.7105,182
20.4619,26.8508,182
18.4621,26.8798,182
16.8545,25.6901,182
15.848,23.9618,182
14.3153,22.677,182
12.3192,22.8024,182
10.3345,22.5557,182
10.3455,20.5558,182
9.09781,18.9927,182
9.19093,16.9949,182
10.726,15.7129,182
10.9404,13.7244,182
10.7188,11.7368,182
10.303,9.78045,182
8.51274,8.88888,182
8.32701,6.89753,182
6.94923,5.4478,182
5,5,182
21.6507,75.5105,183
22.485,73.6928,183
21.6521,71.8746,183
23.2465,70.6671,183
24.4739,69.0881,183
24.2091,67.1057,183
23.5606,65.2137,183
24.7503,63.606,183
25.5854,61.7887,183
25.6753,59.7907,183
26.6009,58.0178,183
25.7113,56.2265,183
26.5074,54.3917,183
26.0495,52.4448,183
27.5358,51.1065,183
27.8514,49.1316,183
27.0333,47.3066,183
27.9601,45.5343,183
29.2662,44.0197,183
30.5853,42.5163,183
30.5682,40.5164,183
28.917,39.3878,183
28.5888,37.415,183
26.9488,36.2702,183
25.696,34.7112,183
26.4217,32.8475,183
26.2601,30.854,183
24.3605,30.2285,183
23.4125,28.4674,183
22.457,26.7105,183
20.4619,26.8508,183
18.4621,26.8798,183
16.8545,25.6901,183
15.848,23.9618,183
14.3153,22.677,183
12.3192,22.8024,183
10.3345,22.5557,183
10.3455,20.5558,183
9.09781,18.9927,183
9.19093,16.9949,183
10.726,15.7129,183
10.9404,13.7244,183
10.7188,11.7368,183
10.303,9.78045,183
8.51274,8.88888,183
8.32701,6.89753,183
6.94923,5.4478,183
5,5,183
30.9117,64.4982,184
29.1365,63.5769,184
27.2625,62.8783,184
25.5854,61.7887,184
25.6753,59.7907,184
26.6009,58.0178,184
25.7113,56.2265,184
26.5074,54.3917,184
26.0495,52.4448,184
27.5358,51.1065,184
27.8514,49.1316,184
27.0333,47.3066,184
27.9601,45.5343,184
29.2662,44.0197,184
30.5853,42.5163,184
30.5682,40.5164,184
28.917,39.3878,184
28.5888,37.415,184
26.9488,36.2702,184
25.696,34.7112,184
26.4217,32.8475,184
26.2601,30.854,184
24.3605,30.2285,184
23.4125,28.4674,184
22.457,26.7105,184
20.4619,26.8508,184
18.4621,26.8798,184
16.8545,25.6901,184
15.848,23.9618,184
14.3153,22.677,184
12.3192,22.8024,184
10.3345,22.5557,184
10.3455,20.5558,184
9.09781,18.9927,184
9.19093,16.9949,184
10.726,15.7129,184
10.9404,13.7244,184
10.7188,11.7368,184
10.303,9.78045,184
8.51274,8.88888,184
8.32701,6.89753,184
6.94923,5.4478,184
5,5,184
33.856,78.6603,185
31.8891,78.2982,185
30.9632,76.5254,185
31.2366,74.5442,185
31.6129,72.5799,185
29.7145,71.9507,185
27.8831,71.1468,185
26.0822,70.2769,185
24.4739,69.0881,185
24.2091,67.1057,185
23.5606,65.2137,185
24.7503,63.606,185
25.5854,61.7887,185
25.6753,59.7907,185
26.6009,58.0178,185
25.7113,56.2265,185
26.5074,54.3917,185
26.0495,52.4448,185
27.5358,51.1065,185
27.8514,49.1316,185
27.0333,47.3066,185
27.9601,45.5343,185
29.2662,44.0197,185
30.5853,42.5163,185
30.5682,40.5164,185
28.917,39.3878,185
28.5888,37.415,185
26.9488,36.2702,185
25.696,34.7112,185
26.4217,32.8475,185
26.2601,30.854,185
24.3605,30.2285,185
23.4125,28.4674,185
22.457,26.7105,185
20.4619,26.8508,185
18.4621,26.8798,185
16.8545,25.6901,185
15.848,23.9618,185
14.3153,22.677,185
12.3192,22.8024,185
10.3345,22.5557,185
10.3455,20.5558,185
9.09781,18.9927,185
9.19093,16.9949,185
10.726,15.7129,185
10.9404,13.7244,185
10.7188,11.7368,185
10.303,9.78045,185
8.51274,8.88888,185
8.32701,6.89753,185
6.94923,5.4478,185
5,5,185
72.1226,62.4068,186
70.1894,61.8945,186
68.3152,61.1963,186
66.937,59.747,186
66.6815,57.7634,186
67.8171,56.117,186
67.5569,54.134,186
67.1605,52.1737,186
67.8716,50.3043,186
67.2244,48.4119,186
65.9638,46.8592,186
64.7668,45.257,186
64.2266,43.3314,186
62.2431,43.5877,186
61.8293,41.631,186
60.1488,40.5467,186
59.0695,38.8629,186
57.1519,39.4307,186
55.6279,38.1355,186
53.7057,37.5832,186
52.5523,39.2171,186
50.7336,40.0492,186
48.8354,40.6791,186
46.923,41.2644,186
45.0676,40.5178,186
43.3972,41.6178,186
41.4864,42.2082,186
39.5236,42.5921,186
37.8218,41.5414,186
36.281,40.2663,186
34.3704,40.8574,186
32.5226,40.092,186
30.5682,40.5164,186
28.917,39.3878,186
28.5888,37.415,186
26.9488,36.2702,186
25.696,34.7112,186
26.4217,32.8475,186
26.2601,30.854,186
24.3605,30.2285,186
23.4125,28.4674,186
22.457,26.7105,186
20.4619,26.8508,186
18.4621,26.8798,186
16.8545,25.6901,186
15.848,23.9618,186
14.3153,22.677,186
12.3192,22.8024,186
10.3345,22.5557,186
10.3455,20.5558,186
9.09781,18.9927,186
9.19093,16.9949,186
10.726,15.7129,186
10.9404,13.7244,186
10.7188,11.7368,186
10.303,9.78045,186
8.51274,8.88888,186
8.32701,6.89753,186
6.94923,5.4478,186
5,5,186
35.8251,79.0108,187
33.856,78.6603,187
31.8891,78.2982,187
30.9632,76.5254,187
31.2366,74.5442,187
31.6129,72.5799,187
29.7145,71.9507,187
27.8831,71.1468,187
26.0822,70.2769,187
24.4739,69.0881,187
24.2091,67.1057,187
23.5606,65.2137,187
24.7503,63.606,187
25.5854,61.7887,187
25.6753,59.7907,187
26.6009,58.0178,187
25.7113,56.2265,187
26.5074,54.3917,187
26.0495,52.4448,187
27.5358,51.1065,187
27.8514,49.1316,187
27.0333,47.3066,187
27.9601,45.5343,187
29.2662,44.0197,187
30.5853,42.5163,187
30.5682,40.5164,187
28.917,39.3878,187
28.5888,37.415,187
26.9488,36.2702,187
25.696,34.7112,187
26.4217,32.8475,187
26.2601,30.854,187
24.3605,30.2285,187
23.4125,28.4674,187
22.457,26.7105,187
20.4619,26.8508,187
18.4621,26.8798,187
16.8545,25.6901,187
15.848,23.9618,187
14.3153,22.677,187
12.3192,22.8024,187
10.3345,22.5557,187
10.3455,20.5558,187
9.09781,18.9927,187
9.19093,16.9949,187
10.726,15.7129,187
10.9404,13.7244,187
10.7188,11.7368,187
10.303,9.78045,187
8.51274,8.88888,187
8.32701,6.89753,187
6.94923,5.4478,187
5,5,187
31.0767,81.9256,188
30.7621,79.9505,188
31.8891,78.2982,188
30.9632,76.5254,188
31.2366,74.5442,188
31.6129,72.5799,188
29.7145,71.9507,188
27.8831,71.1468,188
26.0822,70.2769,188
24.4739,69.0881,188
24.2091,67.1057,188
23.5606,65.2137,188
24.7503,63.606,188
25.5854,61.7887,188
25.6753,59.7907,188
26.6009,58.0178,188
25.7113,56.2265,188
26.5074,54.3917,188
26.0495,52.4448,188
27.5358,51.1065,188
27.8514,49.1316,188
27.0333,47.3066,188
27.9601,45.5343,188
29.2662,44.0197,188
30.5853,42.5163,188
30.5682,40.5164,188
28.917,39.3878,188
28.5888,37.415,188
26.9488,36.2702,188
25.696,34.7112,188
26.4217,32.8475,188
26.2601,30.854,188
24.3605,30.2285,188
23.4125,28.4674,188
22.457,26.7105,188
20.4619,26.8508,188
18.4621,26.8798,188
16.8545,25.6901,188
15.848,23.9618,188
14.3153,22.677,188
12.3192,22.8024,188
10.3345,22.5557,188
10.3455,20.5558,188
9.09781,18.9927,188
9.19093,16.9949,188
10.726,15.7129,188
10.9404,13.7244,188
10.7188,11.7368,188
10.303,9.78045,188
8.51274,8.88888,188
8.32701,6.89753,188
6.94923,5.4478,188
5,5,188
72.5435,64.3621,189
72.1226,62.4068,189
70.1894,61.8945,189
68.3152,61.1963,189
66.937,59.747,189
66.6815,57.7634,189
67.8171,56.117,189
67.5569,54.134,189
67.1605,52.1737,189
67.8716,50.3043,189
67.2244,48.4119,189
65.9638,46.8592,189
64.7668,45.257,189
64.2266,43.3314,189
62.2431,43.5877,189
61.8293,41.631,189
60.1488,40.5467,189
59.0695,38.8629,189
57.1519,39.4307,189
55.6279,38.1355,189
53.7057,37.5832,189
52.5523,39.2171,189
50.7336,40.0492,189
48.8354,40.6791,189
46.923,41.2644,189
45.0676,40.5178,189
43.3972,41.6178,189
41.4864,42.2082,189
39.5236,42.5921,189
37.8218,41.5414,189
36.281,40.2663,189
34.3704,40.8574,189
32.5226,40.092,189
30.5682,40.5164,189
28.917,39.3878,189
28.5888,37.415,189
26.9488,36.2702,189
25.696,34.7112,189
26.4217,32.8475,189
26.2601,30.854,189
24.3605,30.2285,189
23.4125,28.4674,189
22.457,26.7105,189
20.4619,26.8508,189
18.4621,26.8798,189
16.8545,25.6901,189
15.848,23.9618,189
14.3153,22.677,189
12.3192,22.8024,189
10.3345,22.5557,189
10.3455,20.5558,189
9.09781,18.9927,189
9.19093,16.9949,189
10.726,15.7129,189
10.9404,13.7244,189
10.7188,11.7368,189
10.303,9.78045,189
8.51274,8.88888,189
8.32701,6.89753,189
6.94923,5.4478,189
5,5,189
5,5,190
32.5248,83.3051,191
31.0767,81.9256,191
30.7621,79.9505,191
31.8891,78.2982,191
30.9632,76.5254,191
31.2366,74.5442,191
31.6129,72.5799,191
29.7145,71.9507,191
27.8831,71.1468,191
26.0822,70.2769,191
24.4739,69.0881,191
24.2091,67.1057,191
23.5606,65.2137,191
24.7503,63.606,191
25.5854,61.7887,191
25.6753,59.7907,191
26.6009,58.0178,191
25.7113,56.2265,191
26.5074,54.3917,191
26.0495,52.4448,191
27.5358,51.1065,191
27.8514,49.1316,191
27.0333,47.3066,191
27.9601,45.5343,191
29.2662,44.0197,191
30.5853,42.5163,191
30.5682,40.5164,191
28.917,39.3878,191
28.5888,37.415,191
26.9488,36.2702,191
25.696,34.7112,191
26.4217,32.8475,191
26.2601,30.854,191
24.3605,30.2285,191
23.4125,28.4674,191
22.457,26.7105,191
20.4619,26.8508,191
18.4621,26.8798,191
16.8545,25.6901,191
15.848,23.9618,191
14.3153,22.677,191
12.3192,22.8024,191
10.3345,22.5557,191
10.3455,20.5558,191
9.09781,18.9927,191
9.19093,16.9949,191
10.726,15.7129,191
10.9404,13.7244,191
10.7188,11.7368,191
10.303,9.78045,191
8.51274,8.88888,191
8.32701,6.89753,191
6.94923,5.4478,191
5,5,191
25.5854,61.7887,192
25.6753,59.7907,192
26.6009,58.0178,192
25.7113,56.2265,192
26.5074,54.3917,192
26.0495,52.4448,192
27.5358,51.1065,192
27.8514,49.1316,192
27.0333,47.3066,192
27.9601,45.5343,192
29.2662,44.0197,192
30.5853,42.5163,192
30.5682,40.5164,192
28.917,39.3878,192
28.5888,37.415,192
26.9488,36.2702,192
25.696,34.7112,192
26.4217,32.8475,192
26.2601,30.854,192
24.3605,30.2285,192
23.4125,28.4674,192
22.457,26.7105,192
20.4619,26.8508,192
18.4621,26.8798,192
16.8545,25.6901,192
15.848,23.9618,192
14.3153,22.677,192
12.3192,22.8024,192
10.3345,22.5557,192
10.3455,20.5558,192
9.09781,18.9927,192
9.19093,16.9949,192
10.726,15.7129,192
10.9404,13.7244,192
10.7188,11.7368,192
10.303,9.78045,192
8.51274,8.88888,192
8.32701,6.89753,192
6.94923,5.4478,192
5,5,192
32.7048,65.3841,193
30.9117,64.4982,193
29.1365,63.5769,193
27.2625,62.8783,193
25.5854,61.7887,193
25.6753,59.7907,193
26.6009,58.0178,193
25.7113,56.2265,193
26.5074,54.3917,193
26.0495,52.4448,193
27.5358,51.1065,193
27.8514,49.1316,193
27.0333,47.3066,193
27.9601,45.5343,193
29.2662,44.0197,193
30.5853,42.5163,193
30.5682,40.5164,193
28.917,39.3878,193
28.5888,37.415,193
26.9488,36.2702,193
25.696,34.7112,193
26.4217,32.8475,193
26.2601,30.854,193
24.3605,30.2285,193
23.4125,28.4674,193
22.457,26.7105,193
20.4619,26.8508,193
18.4621,26.8798,193
16.8545,25.6901,193
15.848,23.9618,193
14.3153,22.677,193
12.3192,22.8024,193
10.3345,22.5557,193
10.3455,20.5558,193
9.09781,18.9927,193
9.19093,16.9949,193
10.726,15.7129,193
10.9404,13.7244,193
10.7188,11.7368,193
10.303,9.78045,193
8.51274,8.88888,193
8.32701,6.89753,193
6.94923,5.4478,193
5,5,193
27.8514,49.1316,194
27.0333,47.3066,194
27.9601,45.5343,194
29.2662,44.0197,194
30.5853,42.5163,194
30.5682,40.5164,194
28.917,39.3878,194
28.5888,37.415,194
26.9488,36.2702,194
25.696,34.7112,194
26.4217,32.8475,194
26.2601,30.854,194
24.3605,30.2285,194
23.4125,28.4674,194
22.457,26.7105,194
20.4619,26.8508,194
18.4621,26.8798,194
16.8545,25.6901,194
15.848,23.9618,194
14.3153,22.677,194
12.3192,22.8024,194
10.3345,22.5557,194
10.3455,20.5558,194
9.09781,18.9927,194
9.19093,16.9949,194
10.726,15.7129,194
10.9404,13.7244,194
10.7188,11.7368,194
10.303,9.78045,194
8.51274,8.88888,194
8.32701,6.89753,194
6.94923,5.4478,194
5,5,194
34.643,64.8907,195
32.7048,65.3841,195
30.9117,64.4982,195
29.1365,63.5769,195
27.2625,62.8783,195
25.5854,61.7887,195
25.6753,59.7907,195
26.6009,58.0178,195
25.7113,56.2265,195
26.5074,54.3917,195
26.0495,52.4448,195
27.5358,51.1065,195
27.8514,49.1316,195
27.0333,47.3066,195
27.9601,45.5343,195
29.2662,44.0197,195
30.5853,42.5163,195
30.5682,40.5164,195
28.917,39.3878,195
28.5888,37.415,195
26.9488,36.2702,195
25.696,34.7112,195
26.4217,32.8475,195
26.2601,30.854,195
24.3605,30.2285,195
23.4125,28.4674,195
22.457,26.7105,195
20.4619,26.8508,195
18.4621,26.8798,195
16.8545,25.6901,195
15.848,23.9618,195
14.3153,22.677,195
12.3192,22.8024,195
10.3345,22.5557,195
10.3455,20.5558,195
9.09781,18.9927,195
9.19093,16.9949,195
10.726,15.7129,195
10.9404,13.7244,195
10.7188,11.7368,195
10.303,9.78045,195
8.51274,8.88888,195
8.32701,6.89753,195
6.94923,5.4478,195
5,5,195
72.7081,66.3553,196
72.5435,64.3621,196
72.1226,62.4068,196
70.1894,61.8945,196
68.3152,61.1963,196
66.937,59.747,196
66.6815,57.7634,196
67.8171,56.117,196
67.5569,54.134,196
67.1605,52.1737,196
67.8716,50.3043,196
67.2244,48.4119,196
65.9638,46.8592,196
64.7668,45.257,196
64.2266,43.3314,196
62.2431,43.5877,196
61.8293,41.631,196
60.1488,40.5467,196
59.0695,38.8629,196
57.1519,39.4307,196
55.6279,38.1355,196
53.7057,37.5832,196
52.5523,39.2171,196
50.7336,40.0492,196
48.8354,40.6791,196
46.923,41.2644,196
45.0676,40.5178,196
43.3972,41.6178,196
41.4864,42.2082,196
39.5236,42.5921,196
37.8218,41.5414,196
36.281,40.2663,196
34.3704,40.8574,196
32.5226,40.092,196
30.5682,40.5164,196
28.917,39.3878,196
28.5888,37.415,196
26.9488,36.2702,196
25.696,34.7112,196
26.4217,32.8475,196
26.2601,30.854,196
24.3605,30.2285,196
23.4125,28.4674,196
22.457,26.7105,196
20.4619,26.8508,196
18.4621,26.8798,196
16.8545,25.6901,196
15.848,23.9618,196
14.3153,22.677,196
12.3192,22.8024,196
10.3345,22.5557,196
10.3455,20.5558,196
9.09781,18.9927,196
9.19093,16.9949,196
10.726,15.7129,196
10.9404,13.7244,196
10.7188,11.7368,196
10.303,9.78045,196
8.51274,8.88888,196
8.32701,6.89753,196
6.94923,5.4478,196
5,5,196
37.795,78.6655,197
35.8251,79.0108,197
33.856,78.6603,197
31.8891,78.2982,197
30.9632,76.5254,197
31.2366,74.5442,197
31.6129,72.5799,197
29.7145,71.9507,197
27.8831,71.1468,197
26.0822,70.2769,197
24.4739,69.0881,197
24.2091,67.1057,197
23.5606,65.2137,197
24.7503,63.606,197
25.5854,61.7887,197
25.6753,59.7907,197
26.6009,58.0178,197
25.7113,56.2265,197
26.5074,54.3917,197
26.0495,52.4448,197
27.5358,51.1065,197
27.8514,49.1316,197
27.0333,47.3066,197
27.9601,45.5343,197
29.2662,44.0197,197
30.5853,42.5163,197
30.5682,40.5164,197
28.917,39.3878,197
28.5888,37.415,197
26.9488,36.2702,197
25.696,34.7112,197
26.4217,32.8475,197
26.2601,30.854,197
24.3605,30.2285,197
23.4125,28.4674,197
22.457,26.7105,197
20.4619,26.8508,197
18.4621,26.8798,197
16.8545,25.6901,197
15.848,23.9618,197
14.3153,22.677,197
12.3192,22.8024,197
10.3345,22.5557,197
10.3455,20.5558,197
9.09781,18.9927,197
9.19093,16.9949,197
10.726,15.7129,197
10.9404,13.7244,197
10.7188,11.7368,197
10.303,9.78045,197
8.51274,8.88888,197
8.32701,6.89753,197
6.94923,5.4478,197
5,5,197
73.6266,68.1319,198
72.7081,66.3553,198
72.5435,64.3621,198
72.1226,62.4068,198
70.1894,61.8945,198
68.3152,61.1963,198
66.937,59.747,198
66.6815,57.7634,198
67.8171,56.117,198
67.5569,54.134,198
67.1605,52.1737,198
67.8716,50.3043,198
67.2244,48.4119,198
65.9638,46.8592,198
64.7668,45.257,198
64.2266,43.3314,198
62.2431,43.5877,198
61.8293,41.631,198
60.1488,40.5467,198
59.0695,38.8629,198
57.1519,39.4307,198
55.6279,38.1355,198
53.7057,37.5832,198
52.5523,39.2171,198
50.7336,40.0492,198
48.8354,40.6791,198
46.923,41.2644,198
45.0676,40.5178,198
43.3972,41.6178,198
41.4864,42.2082,198
39.5236,42.5921,198
37.8218,41.5414,198
36.281,40.2663,198
34.3704,40.8574,198
32.5226,40.092,198
30.5682,40.5164,198
28.917,39.3878,198
28.5888,37.415,198
26.9488,36.2702,198
25.696,34.7112,198
26.4217,32.8475,198
26.2601,30.854,198
24.3605,30.2285,198
23.4125,28.4674,198
22.457,26.7105,198
20.4619,26.8508,198
18.4621,26.8798,198
16.8545,25.6901,198
15.848,23.9618,198
14.3153,22.677,198
12.3192,22.8024,198
10.3345,22.5557,198
10.3455,20.5558,198
9.09781,18.9927,198
9.19093,16.9949,198
10.726,15.7129,198
10.9404,13.7244,198
10.7188,11.7368,198
10.303,9.78045,198
8.51274,8.88888,198
8.32701,6.89753,198
6.94923,5.4478,198
5,5,198
73,60,199
72.1226,62.4068,199
70.1894,61.8945,199
68.3152,61.1963,199
66.937,59.747,199
66.6815,57.7634,199
67.8171,56.117,199
67.5569,54.134,199
67.1605,52.1737,199
67.8716,50.3043,199
67.2244,48.4119,199
65.9638,46.8592,199
64.7668,45.257,199
64.2266,43.3314,199
62.2431,43.5877,199
61.8293,41.631,199
60.1488,40.5467,199
59.0695,38.8629,199
57.1519,39.4307,199
55.6279,38.1355,199
53.7057,37.5832,199
52.5523,39.2171,199
50.7336,40.0492,199
48.8354,40.6791,199
46.923,41.2644,199
45.0676,40.5178,199
43.3972,41.6178,199
41.4864,42.2082,199
39.5236,42.5921,199
37.8218,41.5414,199
36.281,40.2663,199
34.3704,40.8574,199
32.5226,40.092,199
30.5682,40.5164,199
28.917,39.3878,199
28.5888,37.415,199
26.9488,36.2702,199
25.696,34.7112,199
26.4217,32.8475,199
26.2601,30.854,199
24.3605,30.2285,199
23.4125,28.4674,199
22.457,26.7105,199
20.4619,26.8508,199
18.4621,26.8798,199
16.8545,25.6901,199
15.848,23.9618,199
14.3153,22.677,199
12.3192,22.8024,199
10.3345,22.5557,199
10.3455,20.5558,199
9.09781,18.9927,199
9.19093,16.9949,199
10.726,15.7129,199
10.9404,13.7244,199
10.7188,11.7368,199
10.303,9.78045,199
8.51274,8.88888,199
8.32701,6.89753,199
6.94923,5.4478,199
5,5,199
52.4167,47.5985,200
52.1527,45.616,200
51.9722,43.6242,200
51.9663,41.6242,200
50.7336,40.0492,200
48.8354,40.6791,200
46.923,41.2644,200
45.0676,40.5178,200
43.3972,41.6178,200
41.4864,42.2082,200
39.5236,42.5921,200
37.8218,41.5414,200
36.281,40.2663,200
34.3704,40.8574,200
32.5226,40.092,200
30.5682,40.5164,200
28.917,39.3878,200
28.5888,37.415,200
26.9488,36.2702,200
25.696,34.7112,200
26.4217,32.8475,200
26.2601,30.854,200
24.3605,30.2285,200
23.4125,28.4674,200
22.457,26.7105,200
20.4619,26.8508,200
18.4621,26.8798,200
16.8545,25.6901,200
15.848,23.9618,200
14.3153,22.677,200
12.3192,22.8024,200
10.3345,22.5557,200
10.3455,20.5558,200
9.09781,18.9927,200
9.19093,16.9949,200
10.726,15.7129,200
10.9404,13.7244,200
10.7188,11.7368,200
10.303,9.78045,200
8.51274,8.88888,200
8.32701,6.89753,200
6.94923,5.4478,200
5,5,200
26.0495,52.4448,201
27.5358,51.1065,201
27.8514,49.1316,201
27.0333,47.3066,201
27.9601,45.5343,201
29.2662,44.0197,201
30.5853,42.5163,201
30.5682,40.5164,201
28.917,39.3878,201
28.5888,37.415,201
26.9488,36.2702,201
25.696,34.7112,201
26.4217,32.8475,201
26.2601,30.854,201
24.3605,30.2285,201
23.4125,28.4674,201
22.457,26.7105,201
20.4619,26.8508,201
18.4621,26.8798,201
16.8545,25.6901,201
15.848,23.9618,201
14.3153,22.677,201
12.3192,22.8024,201
10.3345,22.5557,201
10.3455,20.5558,201
9.09781,18.9927,201
9.19093,16.9949,201
10.726,15.7129,201
10.9404,13.7244,201
10.7188,11.7368,201
10.303,9.78045,201
8.51274,8.88888,201
8.32701,6.89753,201
6.94923,5.4478,201
5,5,201
19.6762,75.8288,202
21.6507,75.5105,202
22.485,73.6928,202
21.6521,71.8746,202
23.2465,70.6671,202
24.4739,69.0881,202
24.2091,67.1057,202
23.5606,65.2137,202
24.7503,63.606,202
25.5854,61.7887,202
25.6753,59.7907,202
26.6009,58.0178,202
25.7113,56.2265,202
26.5074,54.3917,202
26.0495,52.4448,202
27.5358,51.1065,202
27.8514,49.1316,202
27.0333,47.3066,202
27.9601,45.5343,202
29.2662,44.0197,202
30.5853,42.5163,202
30.5682,40.5164,202
28.917,39.3878,202
28.5888,37.415,202
26.9488,36.2702,202
25.696,34.7112,202
26.4217,32.8475,202
26.2601,30.854,202
24.3605,30.2285,202
23.4125,28.4674,202
22.457,26.7105,202
20.4619,26.8508,202
18.4621,26.8798,202
16.8545,25.6901,202
15.848,23.9618,202
14.3153,22.677,202
12.3192,22.8024,202
10.3345,22.5557,202
10.3455,20.5558,202
9.09781,18.9927,202
9.19093,16.9949,202
10.726,15.7129,202
10.9404,13.7244,202
10.7188,11.7368,202
10.303,9.78045,202
8.51274,8.88888,202
8.32701,6.89753,202
6.94923,5.4478,202
5,5,202
9.19093,16.9949,203
10.726,15.7129,203
10.9404,13.7244,203
10.7188,11.7368,203
10.303,9.78045,203
8.51274,8.88888,203
8.32701,6.89753,203
6.94923,5.4478,203
5,5,203
29.7085,83.3844,204
31.0767,81.9256,204
30.7621,79.9505,204
31.8891,78.2982,204
30.9632,76.5254,204
31.2366,74.5442,204
31.6129,72.5799,204
29.7145,71.9507,204
27.8831,71.1468,204
26.0822,70.2769,204
24.4739,69.0881,204
24.2091,67.1057,204
23.5606,65.2137,204
24.7503,63.606,204
25.5854,61.7887,204
25.6753,59.7907,204
26.6009,58.0178,204
25.7113,56.2265,204
26.5074,54.3917,204
26.0495,52.4448,204
27.5358,51.1065,204
27.8514,49.1316,204
27.0333,47.3066,204
27.9601,45.5343,204
29.2662,44.0197,204
30.5853,42.5163,204
30.5682,40.5164,204
28.917,39.3878,204
28.5888,37.415,204
26.9488,36.2702,204
25.696,34.7112,204
26.4217,32.8475,204
26.2601,30.854,204
24.3605,30.2285,204
23.4125,28.4674,204
22.457,26.7105,204
20.4619,26.8508,204
18.4621,26.8798,204
16.8545,25.6901,204
15.848,23.9618,204
14.3153,22.677,204
12.3192,22.8024,204
10.3345,22.5557,204
10.3455,20.5558,204
9.09781,18.9927,204
9.19093,16.9949,204
10.726,15.7129,204
10.9404,13.7244,204
10.7188,11.7368,204
10.303,9.78045,204
8.51274,8.88888,204
8.32701,6.89753,204
6.94923,5.4478,204
5,5,204
7.3489,32.8337,205
8.92674,31.6047,205
9.759,29.7861,205
8.7454,28.0619,205
10.0405,26.5379,205
10.0692,24.5381,205
10.3345,22.5557,205
10.3455,20.5558,205
9.09781,18.9927,205
9.19093,16.9949,205
10.726,15.7129,205
10.9404,13.7244,205
10.7188,11.7368,205
10.303,9.78045,205
8.51274,8.88888,205
8.32701,6.89753,205
6.94923,5.4478,205
5,5,205
66.937,59.747,206
66.6815,57.7634,206
67.8171,56.117,206
67.5569,54.134,206
67.1605,52.1737,206
67.8716,50.3043,206
67.2244,48.4119,206
65.9638,46.8592,206
64.7668,45.257,206
64.2266,43.3314,206
62.2431,43.5877,206
61.8293,41.631,206
60.1488,40.5467,206
59.0695,38.8629,206
57.1519,39.4307,206
55.6279,38.1355,206
53.7057,37.5832,206
52.5523,39.2171,206
50.7336,40.0492,206
48.8354,40.6791,206
46.923,41.2644,206
45.0676,40.5178,206
43.3972,41.6178,206
41.4864,42.2082,206
39.5236,42.5921,206
37.8218,41.5414,206
36.281,40.2663,206
34.3704,40.8574,206
32.5226,40.092,206
30.5682,40.5164,206
28.917,39.3878,206
28.5888,37.415,206
26.9488,36.2702,206
25.696,34.7112,206
26.4217,32.8475,206
26.2601,30.854,206
24.3605,30.2285,206
23.4125,28.4674,206
22.457,26.7105,206
20.4619,26.8508,206
18.4621,26.8798,206
16.8545,25.6901,206
15.848,23.9618,206
14.3153,22.677,206
12.3192,22.8024,206
10.3345,22.5557,206
10.3455,20.5558,206
9.09781,18.9927,206
9.19093,16.9949,206
10.726,15.7129,206
10.9404,13.7244,206
10.7188,11.7368,206
10.303,9.78045,206
8.51274,8.88888,206
8.32701,6.89753,206
6.94923,5.4478,206
5,5,206
72.1226,62.4068,207
70.1894,61.8945,207
68.3152,61.1963,207
66.937,59.747,207
66.6815,57.7634,207
67.8171,56.117,207
67.5569,54.134,207
67.1605,52.1737,207
67.8716,50.3043,207
67.2244,48.4119,207
65.9638,46.8592,207
64.7668,45.257,207
64.2266,43.3314,207
62.2431,43.5877,207
61.8293,41.631,207
60.1488,40.5467,207
59.0695,38.8629,207
57.1519,39.4307,207
55.6279,38.1355,207
53.7057,37.5832,207
52.5523,39.2171,207
50.7336,40.0492,207
48.8354,40.6791,207
46.923,41.2644,207
45.0676,40.5178,207
43.3972,41.6178,207
41.4864,42.2082,207
39.5236,42.5921,207
37.8218,41.5414,207
36.281,40.2663,207
34.3704,40.8574,207
32.5226,40.092,207
30.5682,40.5164,207
28.917,39.3878,207
28.5888,37.415,207
26.9488,36.2702,207
25.696,34.7112,207
26.4217,32.8475,207
26.2601,30.854,207
24.3605,30.2285,207
23.4125,28.4674,207
22.457,26.7105,207
20.4619,26.8508,207
18.4621,26.8798,207
16.8545,25.6901,207
15.848,23.9618,207
14.3153,22.677,207
12.3192,22.8024,207
10.3345,22.5557,207
10.3455,20.5558,207
9.09781,18.9927,207
9.19093,16.9949,207
10.726,15.7129,207
10.9404,13.7244,207
10.7188,11.7368,207
10.303,9.78045,207
8.51274,8.88888,207
8.32701,6.89753,207
6.94923,5.4478,207
5,5,207
79.9698,39.8778,208
78.0921,40.5664,208
76.2114,41.2469,208
74.4954,42.2742,208
72.7302,41.3339,208
70.9274,42.1998,208
70.0508,43.9975,208
68.1968,43.2474,208
66.2168,43.5293,208
64.2266,43.3314,208
62.2431,43.5877,208
61.8293,41.631,208
60.1488,40.5467,208
59.0695,38.8629,208
57.1519,39.4307,208
55.6279,38.1355,208
53.7057,37.5832,208
52.5523,39.2171,208
50.7336,40.0492,208
48.8354,40.6791,208
46.923,41.2644,208
45.0676,40.5178,208
43.3972,41.6178,208
41.4864,42.2082,208
39.5236,42.5921,208
37.8218,41.5414,208
36.281,40.2663,208
34.3704,40.8574,208
32.5226,40.092,208
30.5682,40.5164,208
28.917,39.3878,208
28.5888,37.415,208
26.9488,36.2702,208
25.696,34.7112,208
26.4217,32.8475,208
26.2601,30.854,208
24.3605,30.2285,208
23.4125,28.4674,208
22.457,26.7105,208
20.4619,26.8508,208
18.4621,26.8798,208
16.8545,25.6901,208
15.848,23.9618,208
14.3153,22.677,208
12.3192,22.8024,208
10.3345,22.5557,208
10.3455,20.5558,208
9.09781,18.9927,208
9.19093,16.9949,208
10.726,15.7129,208
10.9404,13.7244,208
10.7188,11.7368,208
10.303,9.78045,208
8.51274,8.88888,208
8.32701,6.89753,208
6.94923,5.4478,208
5,5,208
60.1488,40.5467,209
59.0695,38.8629,209
57.1519,39.4307,209
55.6279,38.1355,209
53.7057,37.5832,209
52.5523,39.2171,209
50.7336,40.0492,209
48.8354,40.6791,209
46.923,41.2644,209
45.0676,40.5178,209
43.3972,41.6178,209
41.4864,42.2082,209
39.5236,42.5921,209
37.8218,41.5414,209
36.281,40.2663,209
34.3704,40.8574,209
32.5226,40.092,209
30.5682,40.5164,209
28.917,39.3878,209
28.5888,37.415,209
26.9488,36.2702,209
25.696,34.7112,209
26.4217,32.8475,209
26.2601,30.854,209
24.3605,30.2285,209
23.4125,28.4674,209
22.457,26.7105,209
20.4619,26.8508,209
18.4621,26.8798,209
16.8545,25.6901,209
15.848,23.9618,209
14.3153,22.677,209
12.3192,22.8024,209
10.3345,22.5557,209
10.3455,20.5558,209
9.09781,18.9927,209
9.19093,16.9949,209
10.726,15.7129,209
10.9404,13.7244,209
10.7188,11.7368,209
10.303,9.78045,209
8.51274,8.88888,209
8.32701,6.89753,209
6.94923,5.4478,209
5,5,209
34.3169,62.9175,210
34.643,64.8907,210
32.7048,65.3841,210
30.9117,64.4982,210
29.1365,63.5769,210
27.2625,62.8783,210
25.5854,61.7887,210
25.6753,59.7907,210
26.6009,58.0178,210
25.7113,56.2265,210
26.5074,54.3917,210
26.0495,52.4448,210
27.5358,51.1065,210
27.8514,49.1316,210
27.0333,47.3066,210
27.9601,45.5343,210
29.2662,44.0197,210
30.5853,42.5163,210
30.5682,40.5164,210
28.917,39.3878,210
28.5888,37.415,210
26.9488,36.2702,210
25.696,34.7112,210
26.4217,32.8475,210
26.2601,30.854,210
24.3605,30.2285,210
23.4125,28.4674,210
22.457,26.7105,210
20.4619,26.8508,210
18.4621,26.8798,210
16.8545,25.6901,210
15.848,23.9618,210
14.3153,22.677,210
12.3192,22.8024,210
10.3345,22.5557,210
10.3455,20.5558,210
9.09781,18.9927,210
9.19093,16.9949,210
10.726,15.7129,210
10.9404,13.7244,210
10.7188,11.7368,210
10.303,9.78045,210
8.51274,8.88888,210
8.32701,6.89753,210
6.94923,5.4478,210
5,5,210
81.6103,38.7337,211
79.9698,39.8778,211
78.0921,40.5664,211
76.2114,41.2469,211
74.4954,42.2742,211
72.7302,41.3339,211
70.9274,42.1998,211
70.0508,43.9975,211
68.1968,43.2474,211
66.2168,43.5293,211
64.2266,43.3314,211
62.2431,43.5877,211
61.8293,41.631,211
60.1488,40.5467,211
59.0695,38.8629,211
57.1519,39.4307,211
55.6279,38.1355,211
53.7057,37.5832,211
52.5523,39.2171,211
50.7336,40.0492,211
48.8354,40.6791,211
46.923,41.2644,211
45.0676,40.5178,211
43.3972,41.6178,211
41.4864,42.2082,211
39.5236,42.5921,211
37.8218,41.5414,211
36.281,40.2663,211
34.3704,40.8574,211
32.5226,40.092,211
30.5682,40.5164,211
28.917,39.3878,211
28.5888,37.415,211
26.9488,36.2702,211
25.696,34.7112,211
26.4217,32.8475,211
26.2601,30.854,211
24.3605,30.2285,211
23.4125,28.4674,211
22.457,26.7105,211
20.4619,26.8508,211
18.4621,26.8798,211
16.8545,25.6901,211
15.848,23.9618,211
14.3153,22.677,211
12.3192,22.8024,211
10.3345,22.5557,211
10.3455,20.5558,211
9.09781,18.9927,211
9.19093,16.9949,211
10.726,15.7129,211
10.9404,13.7244,211
10.7188,11.7368,211
10.303,9.78045,211
8.51274,8.88888,211
8.32701,6.89753,211
6.94923,5.4478,211
5,5,211
39.018,18.04,212
37.0924,17.4995,212
35.5625,18.7876,212
34.8578,20.6594,212
33.3229,21.9415,212
31.4197,22.5563,212
29.5229,23.1904,212
27.7258,24.0682,212
25.8045,24.6238,212
24.3062,25.9485,212
22.457,26.7105,212
20.4619,26.8508,212
18.4621,26.8798,212
16.8545,25.6901,212
15.848,23.9618,212
14.3153,22.677,212
12.3192,22.8024,212
10.3345,22.5557,212
10.3455,20.5558,212
9.09781,18.9927,212
9.19093,16.9949,212
10.726,15.7129,212
10.9404,13.7244,212
10.7188,11.7368,212
10.303,9.78045,212
8.51274,8.88888,212
8.32701,6.89753,212
6.94923,5.4478,212
5,5,212
17.9582,76.8527,213
19.6762,75.8288,213
21.6507,75.5105,213
22.485,73.6928,213
21.6521,71.8746,213
23.2465,70.6671,213
24.4739,69.0881,213
24.2091,67.1057,213
23.5606,65.2137,213
24.7503,63.606,213
25.5854,61.7887,213
25.6753,59.7907,213
26.6009,58.0178,213
25.7113,56.2265,213
26.5074,54.3917,213
26.0495,52.4448,213
27.5358,51.1065,213
27.8514,49.1316,213
27.0333,47.3066,213
27.9601,45.5343,213
29.2662,44.0197,213
30.5853,42.5163,213
30.5682,40.5164,213
28.917,39.3878,213
28.5888,37.415,213
26.9488,36.2702,213
25.696,34.7112,213
26.4217,32.8475,213
26.2601,30.854,213
24.3605,30.2285,213
23.4125,28.4674,213
22.457,26.7105,213
20.4619,26.8508,213
18.4621,26.8798,213
16.8545,25.6901,213
15.848,23.9618,213
14.3153,22.677,213
12.3192,22.8024,213
10.3345,22.5557,213
10.3455,20.5558,213
9.09781,18.9927,213
9.19093,16.9949,213
10.726,15.7129,213
10.9404,13.7244,213
10.7188,11.7368,213
10.303,9.78045,213
8.51274,8.88888,213
8.32701,6.89753,213
6.94923,5.4478,213
5,5,213
60.1488,40.5467,214
59.0695,38.8629,214
57.1519,39.4307,214
55.6279,38.1355,214
53.7057,37.5832,214
52.5523,39.2171,214
50.7336,40.0492,214
48.8354,40.6791,214
46.923,41.2644,214
45.0676,40.5178,214
43.3972,41.6178,214
41.4864,42.2082,214
39.5236,42.5921,214
37.8218,41.5414,214
36.281,40.2663,214
34.3704,40.8574,214
32.5226,40.092,214
30.5682,40.5164,214
28.917,39.3878,214
28.5888,37.415,214
26.9488,36.2702,214
25.696,34.7112,214
26.4217,32.8475,214
26.2601,30.854,214
24.3605,30.2285,214
23.4125,28.4674,214
22.457,26.7105,214
20.4619,26.8508,214
18.4621,26.8798,214
16.8545,25.6901,214
15.848,23.9618,214
14.3153,22.677,214
12.3192,22.8024,214
10.3345,22.5557,214
10.3455,20.5558,214
9.09781,18.9927,214
9.19093,16.9949,214
10.726,15.7129,214
10.9404,13.7244,214
10.7188,11.7368,214
10.303,9.78045,214
8.51274,8.88888,214
8.32701,6.89753,214
6.94923,5.4478,214
5,5,214
83.5405,38.21,215
81.6103,38.7337,215
79.9698,39.8778,215
78.0921,40.5664,215
76.2114,41.2469,215
74.4954,42.2742,215
72.7302,41.3339,215
70.9274,42.1998,215
70.0508,43.9975,215
68.1968,43.2474,215
66.2168,43.5293,215
64.2266,43.3314,215
62.2431,43.5877,215
61.8293,41.631,215
60.1488,40.5467,215
59.0695,38.8629,215
57.1519,39.4307,215
55.6279,38.1355,215
53.7057,37.5832,215
52.5523,39.2171,215
50.7336,40.0492,215
48.8354,40.6791,215
46.923,41.2644,215
45.0676,40.5178,215
43.3972,41.6178,215
41.4864,42.2082,215
39.5236,42.5921,215
37.8218,41.5414,215
36.281,40.2663,215
34.3704,40.8574,215
32.5226,40.092,215
30.5682,40.5164,215
28.917,39.3878,215
28.5888,37.415,215
26.9488,36.2702,215
25.696,34.7112,215
26.4217,32.8475,215
26.2601,30.854,215
24.3605,30.2285,215
23.4125,28.4674,215
22.457,26.7105,215
20.4619,26.8508,215
18.4621,26.8798,215
16.8545,25.6901,215
15.848,23.9618,215
14.3153,22.677,215
12.3192,22.8024,215
10.3345,22.5557,215
10.3455,20.5558,215
9.09781,18.9927,215
9.19093,16.9949,215
10.726,15.7129,215
10.9404,13.7244,215
10.7188,11.7368,215
10.303,9.78045,215
8.51274,8.88888,215
8.32701,6.89753,215
6.94923,5.4478,215
5,5,215
72.5262,19.6819,216
72.916,21.6435,216
72.9002,23.6434,216
71.3453,24.9014,216
69.7687,26.1319,216
67.8731,26.7695,216
66.6403,28.3444,216
64.6726,28.7026,216
63.4429,30.2799,216
61.8123,31.4379,216
61.719,33.4357,216
60.5965,35.091,216
60,37,216
59.0695,38.8629,216
57.1519,39.4307,216
55.6279,38.1355,216
53.7057,37.5832,216
52.5523,39.2171,216
50.7336,40.0492,216
48.8354,40.6791,216
46.923,41.2644,216
45.0676,40.5178,216
43.3972,41.6178,216
41.4864,42.2082,216
39.5236,42.5921,216
37.8218,41.5414,216
36.281,40.2663,216
34.3704,40.8574,216
32.5226,40.092,216
30.5682,40.5164,216
28.917,39.3878,216
28.5888,37.415,216
26.9488,36.2702,216
25.696,34.7112,216
26.4217,32.8475,216
26.2601,30.854,216
24.3605,30.2285,216
23.4125,28.4674,216
22.457,26.7105,216
20.4619,26.8508,216
18.4621,26.8798,216
16.8545,25.6901,216
15.848,23.9618,216
14.3153,22.677,216
12.3192,22.8024,216
10.3345,22.5557,216
10.3455,20.5558,216
9.09781,18.9927,216
9.19093,16.9949,216
10.726,15.7129,216
10.9404,13.7244,216
10.7188,11.7368,216
10.303,9.78045,216
8.51274,8.88888,216
8.32701,6.89753,216
6.94923,5.4478,216
5,5,216
37.795,78.6655,217
35.8251,79.0108,217
33.856,78.6603,217
31.8891,78.2982,217
30.9632,76.5254,217
31.2366,74.5442,217
31.6129,72.5799,217
29.7145,71.9507,217
27.8831,71.1468,217
26.0822,70.2769,217
24.4739,69.0881,217
24.2091,67.1057,217
23.5606,65.2137,217
24.7503,63.606,217
25.5854,61.7887,217
25.6753,59.7907,217
26.6009,58.0178,217
25.7113,56.2265,217
26.5074,54.3917,217
26.0495,52.4448,217
27.5358,51.1065,217
27.8514,49.1316,217
27.0333,47.3066,217
27.9601,45.5343,217
29.2662,44.0197,217
30.5853,42.5163,217
30.5682,40.5164,217
28.917,39.3878,217
28.5888,37.415,217
26.9488,36.2702,217
25.696,34.7112,217
26.4217,32.8475,217
26.2601,30.854,217
24.3605,30.2285,217
23.4125,28.4674,217
22.457,26.7105,217
20.4619,26.8508,217
18.4621,26.8798,217
16.8545,25.6901,217
15.848,23.9618,217
14.3153,22.677,217
12.3192,22.8024,217
10.3345,22.5557,217
10.3455,20.5558,217
9.09781,18.9927,217
9.19093,16.9949,217
10.726,15.7129,217
10.9404,13.7244,217
10.7188,11.7368,217
10.303,9.78045,217
8.51274,8.88888,217
8.32701,6.89753,217
6.94923,5.4478,217
5,5,217
6.53095,34.6588,218
7.3489,32.8337,218
8.92674,31.6047,218
9.759,29.7861,218
8.7454,28.0619,218
10.0405,26.5379,218
10.0692,24.5381,218
10.3345,22.5557,218
10.3455,20.5558,218
9.09781,18.9927,218
9.19093,16.9949,218
10.726,15.7129,218
10.9404,13.7244,218
10.7188,11.7368,218
10.303,9.78045,218
8.51274,8.88888,218
8.32701,6.89753,218
6.94923,5.4478,218
5,5,218
31.8364,44.0767,219
30.5853,42.5163,219
30.5682,40.5164,219
28.917,39.3878,219
28.5888,37.415,219
26.9488,36.2702,219
25.696,34.7112,219
26.4217,32.8475,219
26.2601,30.854,219
24.3605,30.2285,219
23.4125,28.4674,219
22.457,26.7105,219
20.4619,26.8508,219
18.4621,26.8798,219
16.8545,25.6901,219
15.848,23.9618,219
14.3153,22.677,219
12.3192,22.8024,219
10.3345,22.5557,219
10.3455,20.5558,219
9.09781,18.9927,219
9.19093,16.9949,219
10.726,15.7129,219
10.9404,13.7244,219
10.7188,11.7368,219
10.303,9.78045,219
8.51274,8.88888,219
8.32701,6.89753,219
6.94923,5.4478,219
5,5,219
40.6777,16.924,220
39.018,18.04,220
37.0924,17.4995,220
35.5625,18.7876,220
34.8578,20.6594,220
33.3229,21.9415,220
31.4197,22.5563,220
29.5229,23.1904,220
27.7258,24.0682,220
25.8045,24.6238,220
24.3062,25.9485,220
22.457,26.7105,220
20.4619,26.8508,220
18.4621,26.8798,220
16.8545,25.6901,220
15.848,23.9618,220
14.3153,22.677,220
12.3192,22.8024,220
10.3345,22.5557,220
10.3455,20.5558,220
9.09781,18.9927,220
9.19093,16.9949,220
10.726,15.7129,220
10.9404,13.7244,220
10.7188,11.7368,220
10.303,9.78045,220
8.51274,8.88888,220
8.32701,6.89753,220
6.94923,5.4478,220
5,5,220
34.7453,11.1323,221
34.6622,13.1306,221
34.1695,15.0689,221
34.6409,17.0126,221
35.5625,18.7876,221
34.8578,20.6594,221
33.3229,21.9415,221
31.4197,22.5563,221
29.5229,23.1904,221
27.7258,24.0682,221
25.8045,24.6238,221
24.3062,25.9485,221
22.457,26.7105,221
20.4619,26.8508,221
18.4621,26.8798,221
16.8545,25.6901,221
15.848,23.9618,221
14.3153,22.677,221
12.3192,22.8024,221
10.3345,22.5557,221
10.3455,20.5558,221
9.09781,18.9927,221
9.19093,16.9949,221
10.726,15.7129,221
10.9404,13.7244,221
10.7188,11.7368,221
10.303,9.78045,221
8.51274,8.88888,221
8.32701,6.89753,221
6.94923,5.4478,221
5,5,221
72.091,69.4133,222
73.6266,68.1319,222
72.7081,66.3553,222
72.5435,64.3621,222
72.1226,62.4068,222
70.1894,61.8945,222
68.3152,61.1963,222
66.937,59.747,222
66.6815,57.7634,222
67.8171,56.117,222
67.5569,54.134,222
67.1605,52.1737,222
67.8716,50.3043,222
67.2244,48.4119,222
65.9638,46.8592,222
64.7668,45.257,222
64.2266,43.3314,222
62.2431,43.5877,222
61.8293,41.631,222
60.1488,40.5467,222
59.0695,38.8629,222
57.1519,39.4307,222
55.6279,38.1355,222
53.7057,37.5832,222
52.5523,39.2171,222
50.7336,40.0492,222
48.8354,40.6791,222
46.923,41.2644,222
45.0676,40.5178,222
43.3972,41.6178,222
41.4864,42.2082,222
39.5236,42.5921,222
37.8218,41.5414,222
36.281,40.2663,222
34.3704,40.8574,222
32.5226,40.092,222
30.5682,40.5164,222
28.917,39.3878,222
28.5888,37.415,222
26.9488,36.2702,222
25.696,34.7112,222
26.4217,32.8475,222
26.2601,30.854,222
24.3605,30.2285,222
23.4125,28.4674,222
22.457,26.7105,222
20.4619,26.8508,222
18.4621,26.8798,222
16.8545,25.6901,222
15.848,23.9618,222
14.3153,22.677,222
12.3192,22.8024,222
10.3345,22.5557,222
10.3455,20.5558,222
9.09781,18.9927,222
9.19093,16.9949,222
10.726,15.7129,222
10.9404,13.7244,222
10.7188,11.7368,222
10.303,9.78045,222
8.51274,8.88888,222
8.32701,6.89753,222
6.94923,5.4478,222
5,5,222
16.283,77.9453,223
17.9582,76.8527,223
19.6762,75.8288,223
21.6507,75.5105,223
22.485,73.6928,223
21.6521,71.8746,223
23.2465,70.6671,223
24.4739,69.0881,223
24.2091,67.1057,223
23.5606,65.2137,223
24.7503,63.606,223
25.5854,61.7887,223
25.6753,59.7907,223
26.6009,58.0178,223
25.7113,56.2265,223
26.5074,54.3917,223
26.0495,52.4448,223
27.5358,51.1065,223
27.8514,49.1316,223
27.0333,47.3066,223
27.9601,45.5343,223
29.2662,44.0197,223
30.5853,42.5163,223
30.5682,40.5164,223
28.917,39.3878,223
28.5888,37.415,223
26.9488,36.2702,223
25.696,34.7112,223
26.4217,32.8475,223
26.2601,30.854,223
24.3605,30.2285,223
23.4125,28.4674,223
22.457,26.7105,223
20.4619,26.8508,223
18.4621,26.8798,223
16.8545,25.6901,223
15.848,23.9618,223
14.3153,22.677,223
12.3192,22.8024,223
10.3345,22.5557,223
10.3455,20.5558,223
9.09781,18.9927,223
9.19093,16.9949,223
10.726,15.7129,223
10.9404,13.7244,223
10.7188,11.7368,223
10.303,9.78045,223
8.51274,8.88888,223
8.32701,6.89753,223
6.94923,5.4478,223
5,5,223
69.7687,26.1319,224
67.8731,26.7695,224
66.6403,28.3444,224
64.6726,28.7026,224
63.4429,30.2799,224
61.8123,31.4379,224
61.719,33.4357,224
60.5965,35.091,224
60,37,224
59.0695,38.8629,224
57.1519,39.4307,224
55.6279,38.1355,224
53.7057,37.5832,224
52.5523,39.2171,224
50.7336,40.0492,224
48.8354,40.6791,224
46.923,41.2644,224
45.0676,40.5178,224
43.3972,41.6178,224
41.4864,42.2082,224
39.5236,42.5921,224
37.8218,41.5414,224
36.281,40.2663,224
34.3704,40.8574,224
32.5226,40.092,224
30.5682,40.5164,224
28.917,39.3878,224
28.5888,37.415,224
26.9488,36.2702,224
25.696,34.7112,224
26.4217,32.8475,224
26.2601,30.854,224
24.3605,30.2285,224
23.4125,28.4674,224
22.457,26.7105,224
20.4619,26.8508,224
18.4621,26.8798,224
16.8545,25.6901,224
15.848,23.9618,224
14.3153,22.677,224
12.3192,22.8024,224
10.3345,22.5557,224
10.3455,20.5558,224
9.09781,18.9927,224
9.19093,16.9949,224
10.726,15.7129,224
10.9404,13.7244,224
10.7188,11.7368,224
10.303,9.78045,224
8.51274,8.88888,224
8.32701,6.89753,224
6.94923,5.4478,224
5,5,224
28.917,39.3878,225
28.5888,37.415,225
26.9488,36.2702,225
25.696,34.7112,225
26.4217,32.8475,225
26.2601,30.854,225
24.3605,30.2285,225
23.4125,28.4674,225
22.457,26.7105,225
20.4619,26.8508,225
18.4621,26.8798,225
16.8545,25.6901,225
15.848,23.9618,225
14.3153,22.677,225
12.3192,22.8024,225
10.3345,22.5557,225
10.3455,20.5558,225
9.09781,18.9927,225
9.19093,16.9949,225
10.726,15.7129,225
10.9404,13.7244,225
10.7188,11.7368,225
10.303,9.78045,225
8.51274,8.88888,225
8.32701,6.89753,225
6.94923,5.4478,225
5,5,225
31.4197,22.5563,226
29.5229,23.1904,226
27.7258,24.0682,226
25.8045,24.6238,226
24.3062,25.9485,226
22.457,26.7105,226
20.4619,26.8508,226
18.4621,26.8798,226
16.8545,25.6901,226
15.848,23.9618,226
14.3153,22.677,226
12.3192,22.8024,226
10.3345,22.5557,226
10.3455,20.5558,226
9.09781,18.9927,226
9.19093,16.9949,226
10.726,15.7129,226
10.9404,13.7244,226
10.7188,11.7368,226
10.303,9.78045,226
8.51274,8.88888,226
8.32701,6.89753,226
6.94923,5.4478,226
5,5,226
52.5523,39.2171,227
50.7336,40.0492,227
48.8354,40.6791,227
46.923,41.2644,227
45.0676,40.5178,227
43.3972,41.6178,227
41.4864,42.2082,227
39.5236,42.5921,227
37.8218,41.5414,227
36.281,40.2663,227
34.3704,40.8574,227
32.5226,40.092,227
30.5682,40.5164,227
28.917,39.3878,227
28.5888,37.415,227
26.9488,36.2702,227
25.696,34.7112,227
26.4217,32.8475,227
26.2601,30.854,227
24.3605,30.2285,227
23.4125,28.4674,227
22.457,26.7105,227
20.4619,26.8508,227
18.4621,26.8798,227
16.8545,25.6901,227
15.848,23.9618,227
14.3153,22.677,227
12.3192,22.8024,227
10.3345,22.5557,227
10.3455,20.5558,227
9.09781,18.9927,227
9.19093,16.9949,227
10.726,15.7129,227
10.9404,13.7244,227
10.7188,11.7368,227
10.303,9.78045,227
8.51274,8.88888,227
8.32701,6.89753,227
6.94923,5.4478,227
5,5,227
68.1968,43.2474,228
66.2168,43.5293,228
64.2266,43.3314,228
62.2431,43.5877,228
61.8293,41.631,228
60.1488,40.5467,228
59.0695,38.8629,228
57.1519,39.4307,228
55.6279,38.1355,228
53.7057,37.5832,228
52.5523,39.2171,228
50.7336,40.0492,228
48.8354,40.6791,228
46.923,41.2644,228
45.0676,40.5178,228
43.3972,41.6178,228
41.4864,42.2082,228
39.5236,42.5921,228
37.8218,41.5414,228
36.281,40.2663,228
34.3704,40.8574,228
32.5226,40.092,228
30.5682,40.5164,228
28.917,39.3878,228
28.5888,37.415,228
26.9488,36.2702,228
25.696,34.7112,228
26.4217,32.8475,228
26.2601,30.854,228
24.3605,30.2285,228
23.4125,28.4674,228
22.457,26.7105,228
20.4619,26.8508,228
18.4621,26.8798,228
16.8545,25.6901,228
15.848,23.9618,228
14.3153,22.677,228
12.3192,22.8024,228
10.3345,22.5557,228
10.3455,20.5558,228
9.09781,18.9927,228
9.19093,16.9949,228
10.726,15.7129,228
10.9404,13.7244,228
10.7188,11.7368,228
10.303,9.78045,228
8.51274,8.88888,228
8.32701,6.89753,228
6.94923,5.4478,228
5,5,228
67.5569,54.134,229
67.1605,52.1737,229
67.8716,50.3043,229
67.2244,48.4119,229
65.9638,46.8592,229
64.7668,45.257,229
64.2266,43.3314,229
62.2431,43.5877,229
61.8293,41.631,229
60.1488,40.5467,229
59.0695,38.8629,229
57.1519,39.4307,229
55.6279,38.1355,229
53.7057,37.5832,229
52.5523,39.2171,229
50.7336,40.0492,229
48.8354,40.6791,229
46.923,41.2644,229
45.0676,40.5178,229
43.3972,41.6178,229
41.4864,42.2082,229
39.5236,42.5921,229
37.8218,41.5414,229
36.281,40.2663,229
34.3704,40.8574,229
32.5226,40.092,229
30.5682,40.5164,229
28.917,39.3878,229
28.5888,37.415,229
26.9488,36.2702,229
25.696,34.7112,229
26.4217,32.8475,229
26.2601,30.854,229
24.3605,30.2285,229
23.4125,28.4674,229
22.457,26.7105,229
20.4619,26.8508,229
18.4621,26.8798,229
16.8545,25.6901,229
15.848,23.9618,229
14.3153,22.677,229
12.3192,22.8024,229
10.3345,22.5557,229
10.3455,20.5558,229
9.09781,18.9927,229
9.19093,16.9949,229
10.726,15.7129,229
10.9404,13.7244,229
10.7188,11.7368,229
10.303,9.78045,229
8.51274,8.88888,229
8.32701,6.89753,229
6.94923,5.4478,229
5,5,229
73.718,18.0757,230
72.5262,19.6819,230
72.916,21.6435,230
72.9002,23.6434,230
71.3453,24.9014,230
69.7687,26.1319,230
67.8731,26.7695,230
66.6403,28.3444,230
64.6726,28.7026,230
63.4429,30.2799,230
61.8123,31.4379,230
61.719,33.4357,230
60.5965,35.091,230
60,37,230
59.0695,38.8629,230
57.1519,39.4307,230
55.6279,38.1355,230
53.7057,37.5832,230
52.5523,39.2171,230
50.7336,40.0492,230
48.8354,40.6791,230
46.923,41.2644,230
45.0676,40.5178,230
43.3972,41.6178,230
41.4864,42.2082,230
39.5236,42.5921,230
37.8218,41.5414,230
36.281,40.2663,230
34.3704,40.8574,230
32.5226,40.092,230
30.5682,40.5164,230
28.917,39.3878,230
28.5888,37.415,230
26.9488,36.2702,230
25.696,34.7112,230
26.4217,32.8475,230
26.2601,30.854,230
24.3605,30.2285,230
23.4125,28.4674,230
22.457,26.7105,230
20.4619,26.8508,230
18.4621,26.8798,230
16.8545,25.6901,230
15.848,23.9618,230
14.3153,22.677,230
12.3192,22.8024,230
10.3345,22.5557,230
10.3455,20.5558,230
9.09781,18.9927,230
9.19093,16.9949,230
10.726,15.7129,230
10.9404,13.7244,230
10.7188,11.7368,230
10.303,9.78045,230
8.51274,8.88888,230
8.32701,6.89753,230
6.94923,5.4478,230
5,5,230
33.4301,85.0885,231
32.5248,83.3051,231
31.0767,81.9256,231
30.7621,79.9505,231
31.8891,78.2982,231
30.9632,76.5254,231
31.2366,74.5442,231
31.6129,72.5799,231
29.7145,71.9507,231
27.8831,71.1468,231
26.0822,70.2769,231
24.4739,69.0881,231
24.2091,67.1057,231
23.5606,65.2137,231
24.7503,63.606,231
25.5854,61.7887,231
25.6753,59.7907,231
26.6009,58.0178,231
25.7113,56.2265,231
26.5074,54.3917,231
26.0495,52.4448,231
27.5358,51.1065,231
27.8514,49.1316,231
27.0333,47.3066,231
27.9601,45.5343,231
29.2662,44.0197,231
30.5853,42.5163,231
30.5682,40.5164,231
28.917,39.3878,231
28.5888,37.415,231
26.9488,36.2702,231
25.696,34.7112,231
26.4217,32.8475,231
26.2601,30.854,231
24.3605,30.2285,231
23.4125,28.4674,231
22.457,26.7105,231
20.4619,26.8508,231
18.4621,26.8798,231
16.8545,25.6901,231
15.848,23.9618,231
14.3153,22.677,231
12.3192,22.8024,231
10.3345,22.5557,231
10.3455,20.5558,231
9.09781,18.9927,231
9.19093,16.9949,231
10.726,15.7129,231
10.9404,13.7244,231
10.7188,11.7368,231
10.303,9.78045,231
8.51274,8.88888,231
8.32701,6.89753,231
6.94923,5.4478,231
5,5,231
15.1936,79.6226,232
16.283,77.9453,232
17.9582,76.8527,232
19.6762,75.8288,232
21.6507,75.5105,232
22.485,73.6928,232
21.6521,71.8746,232
23.2465,70.6671,232
24.4739,69.0881,232
24.2091,67.1057,232
23.5606,65.2137,232
24.7503,63.606,232
25.5854,61.7887,232
25.6753,59.7907,232
26.6009,58.0178,232
25.7113,56.2265,232
26.5074,54.3917,232
26.0495,52.4448,232
27.5358,51.1065,232
27.8514,49.1316,232
27.0333,47.3066,232
27.9601,45.5343,232
29.2662,44.0197,232
30.5853,42.5163,232
30.5682,40.5164,232
28.917,39.3878,232
28.5888,37.415,232
26.9488,36.2702,232
25.696,34.7112,232
26.4217,32.8475,232
26.2601,30.854,232
24.3605,30.2285,232
23.4125,28.4674,232
22.457,26.7105,232
20.4619,26.8508,232
18.4621,26.8798,232
16.8545,25.6901,232
15.848,23.9618,232
14.3153,22.677,232
12.3192,22.8024,232
10.3345,22.5557,232
10.3455,20.5558,232
9.09781,18.9927,232
9.19093,16.9949,232
10.726,15.7129,232
10.9404,13.7244,232
10.7188,11.7368,232
10.303,9.78045,232
8.51274,8.88888,232
8.32701,6.89753,232
6.94923,5.4478,232
5,5,232
29.7315,49.8139,233
27.8514,49.1316,233
27.0333,47.3066,233
27.9601,45.5343,233
29.2662,44.0197,233
30.5853,42.5163,233
30.5682,40.5164,233
28.917,39.3878,233
28.5888,37.415,233
26.9488,36.2702,233
25.696,34.7112,233
26.4217,32.8475,233
26.2601,30.854,233
24.3605,30.2285,233
23.4125,28.4674,233
22.457,26.7105,233
20.4619,26.8508,233
18.4621,26.8798,233
16.8545,25.6901,233
15.848,23.9618,233
14.3153,22.677,233
12.3192,22.8024,233
10.3345,22.5557,233
10.3455,20.5558,233
9.09781,18.9927,233
9.19093,16.9949,233
10.726,15.7129,233
10.9404,13.7244,233
10.7188,11.7368,233
10.303,9.78045,233
8.51274,8.88888,233
8.32701,6.89753,233
6.94923,5.4478,233
5,5,233
72.091,69.4133,234
73.6266,68.1319,234
72.7081,66.3553,234
72.5435,64.3621,234
72.1226,62.4068,234
70.1894,61.8945,234
68.3152,61.1963,234
66.937,59.747,234
66.6815,57.7634,234
67.8171,56.117,234
67.5569,54.134,234
67.1605,52.1737,234
67.8716,50.3043,234
67.2244,48.4119,234
65.9638,46.8592,234
64.7668,45.257,234
64.2266,43.3314,234
62.2431,43.5877,234
61.8293,41.631,234
60.1488,40.5467,234
59.0695,38.8629,234
57.1519,39.4307,234
55.6279,38.1355,234
53.7057,37.5832,234
52.5523,39.2171,234
50.7336,40.0492,234
48.8354,40.6791,234
46.923,41.2644,234
45.0676,40.5178,234
43.3972,41.6178,234
41.4864,42.2082,234
39.5236,42.5921,234
37.8218,41.5414,234
36.281,40.2663,234
34.3704,40.8574,234
32.5226,40.092,234
30.5682,40.5164,234
28.917,39.3878,234
28.5888,37.415,234
26.9488,36.2702,234
25.696,34.7112,234
26.4217,32.8475,234
26.2601,30.854,234
24.3605,30.2285,234
23.4125,28.4674,234
22.457,26.7105,234
20.4619,26.8508,234
18.4621,26.8798,234
16.8545,25.6901,234
15.848,23.9618,234
14.3153,22.677,234
12.3192,22.8024,234
10.3345,22.5557,234
10.3455,20.5558,234
9.09781,18.9927,234
9.19093,16.9949,234
10.726,15.7129,234
10.9404,13.7244,234
10.7188,11.7368,234
10.303,9.78045,234
8.51274,8.88888,234
8.32701,6.89753,234
6.94923,5.4478,234
5,5,234
34.643,64.8907,235
32.7048,65.3841,235
30.9117,64.4982,235
29.1365,63.5769,235
27.2625,62.8783,235
25.5854,61.7887,235
25.6753,59.7907,235
26.6009,58.0178,235
25.7113,56.2265,235
26.5074,54.3917,235
26.0495,52.4448,235
27.5358,51.1065,235
27.8514,49.1316,235
27.0333,47.3066,235
27.9601,45.5343,235
29.2662,44.0197,235
30.5853,42.5163,235
30.5682,40.5164,235
28.917,39.3878,235
28.5888,37.415,235
26.9488,36.2702,235
25.696,34.7112,235
26.4217,32.8475,235
26.2601,30.854,235
24.3605,30.2285,235
23.4125,28.4674,235
22.457,26.7105,235
20.4619,26.8508,235
18.4621,26.8798,235
16.8545,25.6901,235
15.848,23.9618,235
14.3153,22.677,235
12.3192,22.8024,235
10.3345,22.5557,235
10.3455,20.5558,235
9.09781,18.9927,235
9.19093,16.9949,235
10.726,15.7129,235
10.9404,13.7244,235
10.7188,11.7368,235
10.303,9.78045,235
8.51274,8.88888,235
8.32701,6.89753,235
6.94923,5.4478,235
5,5,235
74.309,16.165,236
73.718,18.0757,236
72.5262,19.6819,236
72.916,21.6435,236
72.9002,23.6434,236
71.3453,24.9014,236
69.7687,26.1319,236
67.8731,26.7695,236
66.6403,28.3444,236
64.6726,28.7026,236
63.4429,30.2799,236
61.8123,31.4379,236
61.719,33.4357,236
60.5965,35.091,236
60,37,236
59.0695,38.8629,236
57.1519,39.4307,236
55.6279,38.1355,236
53.7057,37.5832,236
52.5523,39.2171,236
50.7336,40.0492,236
48.8354,40.6791,236
46.923,41.2644,236
45.0676,40.5178,236
43.3972,41.6178,236
41.4864,42.2082,236
39.5236,42.5921,236
37.8218,41.5414,236
36.281,40.2663,236
34.3704,40.8574,236
32.5226,40.092,236
30.5682,40.5164,236
28.917,39.3878,236
28.5888,37.415,236
26.9488,36.2702,236
25.696,34.7112,236
26.4217,32.8475,236
26.2601,30.854,236
24.3605,30.2285,236
23.4125,28.4674,236
22.457,26.7105,236
20.4619,26.8508,236
18.4621,26.8798,236
16.8545,25.6901,236
15.848,23.9618,236
14.3153,22.677,236
12.3192,22.8024,236
10.3345,22.5557,236
10.3455,20.5558,236
9.09781,18.9927,236
9.19093,16.9949,236
10.726,15.7129,236
10.9404,13.7244,236
10.7188,11.7368,236
10.303,9.78045,236
8.51274,8.88888,236
8.32701,6.89753,236
6.94923,5.4478,236
5,5,236
39,45,237
39.5236,42.5921,237
37.8218,41.5414,237
36.281,40.2663,237
34.3704,40.8574,237
32.5226,40.092,237
30.5682,40.5164,237
28.917,39.3878,237
28.5888,37.415,237
26.9488,36.2702,237
25.696,34.7112,237
26.4217,32.8475,237
26.2601,30.854,237
24.3605,30.2285,237
23.4125,28.4674,237
22.457,26.7105,237
20.4619,26.8508,237
18.4621,26.8798,237
16.8545,25.6901,237
15.848,23.9618,237
14.3153,22.677,237
12.3192,22.8024,237
10.3345,22.5557,237
10.3455,20.5558,237
9.09781,18.9927,237
9.19093,16.9949,237
10.726,15.7129,237
10.9404,13.7244,237
10.7188,11.7368,237
10.303,9.78045,237
8.51274,8.88888,237
8.32701,6.89753,237
6.94923,5.4478,237
5,5,237
34.9169,86.4262,238
33.4301,85.0885,238
32.5248,83.3051,238
31.0767,81.9256,238
30.7621,79.9505,238
31.8891,78.2982,238
30.9632,76.5254,238
31.2366,74.5442,238
31.6129,72.5799,238
29.7145,71.9507,238
27.8831,71.1468,238
26.0822,70.2769,238
24.4739,69.0881,238
24.2091,67.1057,238
23.5606,65.2137,238
24.7503,63.606,238
25.5854,61.7887,238
25.6753,59.7907,238
26.6009,58.0178,238
25.7113,56.2265,238
26.5074,54.3917,238
26.0495,52.4448,238
27.5358,51.1065,238
27.8514,49.1316,238
27.0333,47.3066,238
27.9601,45.5343,238
29.2662,44.0197,238
30.5853,42.5163,238
30.5682,40.5164,238
28.917,39.3878,238
28.5888,37.415,238
26.9488,36.2702,238
25.696,34.7112,238
26.4217,32.8475,238
26.2601,30.854,238
24.3605,30.2285,238
23.4125,28.4674,238
22.457,26.7105,238
20.4619,26.8508,238
18.4621,26.8798,238
16.8545,25.6901,238
15.848,23.9618,238
14.3153,22.677,238
12.3192,22.8024,238
10.3345,22.5557,238
10.3455,20.5558,238
9.09781,18.9927,238
9.19093,16.9949,238
10.726,15.7129,238
10.9404,13.7244,238
10.7188,11.7368,238
10.303,9.78045,238
8.51274,8.88888,238
8.32701,6.89753,238
6.94923,5.4478,238
5,5,238
58.8027,26.5065,239
59.1584,28.4746,239
60.6417,29.8162,239
61.8123,31.4379,239
61.719,33.4357,239
60.5965,35.091,239
60,37,239
59.0695,38.8629,239
57.1519,39.4307,239
55.6279,38.1355,239
53.7057,37.5832,239
52.5523,39.2171,239
50.7336,40.0492,239
48.8354,40.6791,239
46.923,41.2644,239
45.0676,40.5178,239
43.3972,41.6178,239
41.4864,42.2082,239
39.5236,42.5921,239
37.8218,41.5414,239
36.281,40.2663,239
34.3704,40.8574,239
32.5226,40.092,239
30.5682,40.5164,239
28.917,39.3878,239
28.5888,37.415,239
26.9488,36.2702,239
25.696,34.7112,239
26.4217,32.8475,239
26.2601,30.854,239
24.3605,30.2285,239
23.4125,28.4674,239
22.457,26.7105,239
20.4619,26.8508,239
18.4621,26.8798,239
16.8545,25.6901,239
15.848,23.9618,239
14.3153,22.677,239
12.3192,22.8024,239
10.3345,22.5557,239
10.3455,20.5558,239
9.09781,18.9927,239
9.19093,16.9949,239
10.726,15.7129,239
10.9404,13.7244,239
10.7188,11.7368,239
10.303,9.78045,239
8.51274,8.88888,239
8.32701,6.89753,239
6.94923,5.4478,239
5,5,239
36.6427,64.9251,240
34.643,64.8907,240
32.7048,65.3841,240
30.9117,64.4982,240
29.1365,63.5769,240
27.2625,62.8783,240
25.5854,61.7887,240
25.6753,59.7907,240
26.6009,58.0178,240
25.7113,56.2265,240
26.5074,54.3917,240
26.0495,52.4448,240
27.5358,51.1065,240
27.8514,49.1316,240
27.0333,47.3066,240
27.9601,45.5343,240
29.2662,44.0197,240
30.5853,42.5163,240
30.5682,40.5164,240
28.917,39.3878,240
28.5888,37.415,240
26.9488,36.2702,240
25.696,34.7112,240
26.4217,32.8475,240
26.2601,30.854,240
24.3605,30.2285,240
23.4125,28.4674,240
22.457,26.7105,240
20.4619,26.8508,240
18.4621,26.8798,240
16.8545,25.6901,240
15.848,23.9618,240
14.3153,22.677,240
12.3192,22.8024,240
10.3345,22.5557,240
10.3455,20.5558,240
9.09781,18.9927,240
9.19093,16.9949,240
10.726,15.7129,240
10.9404,13.7244,240
10.7188,11.7368,240
10.303,9.78045,240
8.51274,8.88888,240
8.32701,6.89753,240
6.94923,5.4478,240
5,5,240
13.2373,80.0381,241
15.1936,79.6226,241
16.283,77.9453,241
17.9582,76.8527,241
19.6762,75.8288,241
21.6507,75.5105,241
22.485,73.6928,241
21.6521,71.8746,241
23.2465,70.6671,241
24.4739,69.0881,241
24.2091,67.1057,241
23.5606,65.2137,241
24.7503,63.606,241
25.5854,61.7887,241
25.6753,59.7907,241
26.6009,58.0178,241
25.7113,56.2265,241
26.5074,54.3917,241
26.0495,52.4448,241
27.5358,51.1065,241
27.8514,49.1316,241
27.0333,47.3066,241
27.9601,45.5343,241
29.2662,44.0197,241
30.5853,42.5163,241
30.5682,40.5164,241
28.917,39.3878,241
28.5888,37.415,241
26.9488,36.2702,241
25.696,34.7112,241
26.4217,32.8475,241
26.2601,30.854,241
24.3605,30.2285,241
23.4125,28.4674,241
22.457,26.7105,241
20.4619,26.8508,241
18.4621,26.8798,241
16.8545,25.6901,241
15.848,23.9618,241
14.3153,22.677,241
12.3192,22.8024,241
10.3345,22.5557,241
10.3455,20.5558,241
9.09781,18.9927,241
9.19093,16.9949,241
10.726,15.7129,241
10.9404,13.7244,241
10.7188,11.7368,241
10.303,9.78045,241
8.51274,8.88888,241
8.32701,6.89753,241
6.94923,5.4478,241
5,5,241
11.4392,79.1623,242
13.2373,80.0381,242
15.1936,79.6226,242
16.283,77.9453,242
17.9582,76.8527,242
19.6762,75.8288,242
21.6507,75.5105,242
22.485,73.6928,242
21.6521,71.8746,242
23.2465,70.6671,242
24.4739,69.0881,242
24.2091,67.1057,242
23.5606,65.2137,242
24.7503,63.606,242
25.5854,61.7887,242
25.6753,59.7907,242
26.6009,58.0178,242
25.7113,56.2265,242
26.5074,54.3917,242
26.0495,52.4448,242
27.5358,51.1065,242
27.8514,49.1316,242
27.0333,47.3066,242
27.9601,45.5343,242
29.2662,44.0197,242
30.5853,42.5163,242
30.5682,40.5164,242
28.917,39.3878,242
28.5888,37.415,242
26.9488,36.2702,242
25.696,34.7112,242
26.4217,32.8475,242
26.2601,30.854,242
24.3605,30.2285,242
23.4125,28.4674,242
22.457,26.7105,242
20.4619,26.8508,242
18.4621,26.8798,242
16.8545,25.6901,242
15.848,23.9618,242
14.3153,22.677,242
12.3192,22.8024,242
10.3345,22.5557,242
10.3455,20.5558,242
9.09781,18.9927,242
9.19093,16.9949,242
10.726,15.7129,242
10.9404,13.7244,242
10.7188,11.7368,242
10.303,9.78045,242
8.51274,8.88888,242
8.32701,6.89753,242
6.94923,5.4478,242
5,5,242
80.7643,43.5173,243
79.284,42.1724,243
78.0921,40.5664,243
76.2114,41.2469,243
74.4954,42.2742,243
72.7302,41.3339,243
70.9274,42.1998,243
70.0508,43.9975,243
68.1968,43.2474,243
66.2168,43.5293,243
64.2266,43.3314,243
62.2431,43.5877,243
61.8293,41.631,243
60.1488,40.5467,243
59.0695,38.8629,243
57.1519,39.4307,243
55.6279,38.1355,243
53.7057,37.5832,243
52.5523,39.2171,243
50.7336,40.0492,243
48.8354,40.6791,243
46.923,41.2644,243
45.0676,40.5178,243
43.3972,41.6178,243
41.4864,42.2082,243
39.5236,42.5921,243
37.8218,41.5414,243
36.281,40.2663,243
34.3704,40.8574,243
32.5226,40.092,243
30.5682,40.5164,243
28.917,39.3878,243
28.5888,37.415,243
26.9488,36.2702,243
25.696,34.7112,243
26.4217,32.8475,243
26.2601,30.854,243
24.3605,30.2285,243
23.4125,28.4674,243
22.457,26.7105,243
20.4619,26.8508,243
18.4621,26.8798,243
16.8545,25.6901,243
15.848,23.9618,243
14.3153,22.677,243
12.3192,22.8024,243
10.3345,22.5557,243
10.3455,20.5558,243
9.09781,18.9927,243
9.19093,16.9949,243
10.726,15.7129,243
10.9404,13.7244,243
10.7188,11.7368,243
10.303,9.78045,243
8.51274,8.88888,243
8.32701,6.89753,243
6.94923,5.4478,243
5,5,243
10.3455,20.5558,244
9.09781,18.9927,244
9.19093,16.9949,244
10.726,15.7129,244
10.9404,13.7244,244
10.7188,11.7368,244
10.303,9.78045,244
8.51274,8.88888,244
8.32701,6.89753,244
6.94923,5.4478,244
5,5,244
11.4392,79.1623,245
13.2373,80.0381,245
15.1936,79.6226,245
16.283,77.9453,245
17.9582,76.8527,245
19.6762,75.8288,245
21.6507,75.5105,245
22.485,73.6928,245
21.6521,71.8746,245
23.2465,70.6671,245
24.4739,69.0881,245
24.2091,67.1057,245
23.5606,65.2137,245
24.7503,63.606,245
25.5854,61.7887,245
25.6753,59.7907,245
26.6009,58.0178,245
25.7113,56.2265,245
26.5074,54.3917,245
26.0495,52.4448,245
27.5358,51.1065,245
27.8514,49.1316,245
27.0333,47.3066,245
27.9601,45.5343,245
29.2662,44.0197,245
30.5853,42.5163,245
30.5682,40.5164,245
28.917,39.3878,245
28.5888,37.415,245
26.9488,36.2702,245
25.696,34.7112,245
26.4217,32.8475,245
26.2601,30.854,245
24.3605,30.2285,245
23.4125,28.4674,245
22.457,26.7105,245
20.4619,26.8508,245
18.4621,26.8798,245
16.8545,25.6901,245
15.848,23.9618,245
14.3153,22.677,245
12.3192,22.8024,245
10.3345,22.5557,245
10.3455,20.5558,245
9.09781,18.9927,245
9.19093,16.9949,245
10.726,15.7129,245
10.9404,13.7244,245
10.7188,11.7368,245
10.303,9.78045,245
8.51274,8.88888,245
8.32701,6.89753,245
6.94923,5.4478,245
5,5,245
42.117,15.5353,246
40.6777,16.924,246
39.018,18.04,246
37.0924,17.4995,246
35.5625,18.7876,246
34.8578,20.6594,246
33.3229,21.9415,246
31.4197,22.5563,246
29.5229,23.1904,246
27.7258,24.0682,246
25.8045,24.6238,246
24.3062,25.9485,246
22.457,26.7105,246
20.4619,26.8508,246
18.4621,26.8798,246
16.8545,25.6901,246
15.848,23.9618,246
14.3153,22.677,246
12.3192,22.8024,246
10.3345,22.5557,246
10.3455,20.5558,246
9.09781,18.9927,246
9.19093,16.9949,246
10.726,15.7129,246
10.9404,13.7244,246
10.7188,11.7368,246
10.303,9.78045,246
8.51274,8.88888,246
8.32701,6.89753,246
6.94923,5.4478,246
5,5,246
83,43,247
80.7643,43.5173,247
79.284,42.1724,247
78.0921,40.5664,247
76.2114,41.2469,247
74.4954,42.2742,247
72.7302,41.3339,247
70.9274,42.1998,247
70.0508,43.9975,247
68.1968,43.2474,247
66.2168,43.5293,247
64.2266,43.3314,247
62.2431,43.5877,247
61.8293,41.631,247
60.1488,40.5467,247
59.0695,38.8629,247
57.1519,39.4307,247
55.6279,38.1355,247
53.7057,37.5832,247
52.5523,39.2171,247
50.7336,40.0492,247
48.8354,40.6791,247
46.923,41.2644,247
45.0676,40.5178,247
43.3972,41.6178,247
41.4864,42.2082,247
39.5236,42.5921,247
37.8218,41.5414,247
36.281,40.2663,247
34.3704,40.8574,247
32.5226,40.092,247
30.5682,40.5164,247
28.917,39.3878,247
28.5888,37.415,247
26.9488,36.2702,247
25.696,34.7112,247
26.4217,32.8475,247
26.2601,30.854,247
24.3605,30.2285,247
23.4125,28.4674,247
22.457,26.7105,247
20.4619,26.8508,247
18.4621,26.8798,247
16.8545,25.6901,247
15.848,23.9618,247
14.3153,22.677,247
12.3192,22.8024,247
10.3345,22.5557,247
10.3455,20.5558,247
9.09781,18.9927,247
9.19093,16.9949,247
10.726,15.7129,247
10.9404,13.7244,247
10.7188,11.7368,247
10.303,9.78045,247
8.51274,8.88888,247
8.32701,6.89753,247
6.94923,5.4478,247
5,5,247
75.2729,14.4126,248
74.309,16.165,248
73.718,18.0757,248
72.5262,19.6819,248
72.916,21.6435,248
72.9002,23.6434,248
71.3453,24.9014,248
69.7687,26.1319,248
67.8731,26.7695,248
66.6403,28.3444,248
64.6726,28.7026,248
63.4429,30.2799,248
61.8123,31.4379,248
61.719,33.4357,248
60.5965,35.091,248
60,37,248
59.0695,38.8629,248
57.1519,39.4307,248
55.6279,38.1355,248
53.7057,37.5832,248
52.5523,39.2171,248
50.7336,40.0492,248
48.8354,40.6791,248
46.923,41.2644,248
45.0676,40.5178,248
43.3972,41.6178,248
41.4864,42.2082,248
39.5236,42.5921,248
37.8218,41.5414,248
36.281,40.2663,248
34.3704,40.8574,248
32.5226,40.092,248
30.5682,40.5164,248
28.917,39.3878,248
28.5888,37.415,248
26.9488,36.2702,248
25.696,34.7112,248
26.4217,32.8475,248
26.2601,30.854,248
24.3605,30.2285,248
23.4125,28.4674,248
22.457,26.7105,248
20.4619,26.8508,248
18.4621,26.8798,248
16.8545,25.6901,248
15.848,23.9618,248
14.3153,22.677,248
12.3192,22.8024,248
10.3345,22.5557,248
10.3455,20.5558,248
9.09781,18.9927,248
9.19093,16.9949,248
10.726,15.7129,248
10.9404,13.7244,248
10.7188,11.7368,248
10.303,9.78045,248
8.51274,8.88888,248
8.32701,6.89753,248
6.94923,5.4478,248
5,5,248
74.9799,60.2828,249
73,60,249
72.1226,62.4068,249
70.1894,61.8945,249
68.3152,61.1963,249
66.937,59.747,249
66.6815,57.7634,249
67.8171,56.117,249
67.5569,54.134,249
67.1605,52.1737,249
67.8716,50.3043,249
67.2244,48.4119,249
65.9638,46.8592,249
64.7668,45.257,249
64.2266,43.3314,249
62.2431,43.5877,249
61.8293,41.631,249
60.1488,40.5467,249
59.0695,38.8629,249
57.1519,39.4307,249
55.6279,38.1355,249
53.7057,37.5832,249
52.5523,39.2171,249
50.7336,40.0492,249
48.8354,40.6791,249
46.923,41.2644,249
45.0676,40.5178,249
43.3972,41.6178,249
41.4864,42.2082,249
39.5236,42.5921,249
37.8218,41.5414,249
36.281,40.2663,249
34.3704,40.8574,249
32.5226,40.092,249
30.5682,40.5164,249
28.917,39.3878,249
28.5888,37.415,249
26.9488,36.2702,249
25.696,34.7112,249
26.4217,32.8475,249
26.2601,30.854,249
24.3605,30.2285,249
23.4125,28.4674,249
22.457,26.7105,249
20.4619,26.8508,249
18.4621,26.8798,249
16.8545,25.6901,249
15.848,23.9618,249
14.3153,22.677,249
12.3192,22.8024,249
10.3345,22.5557,249
10.3455,20.5558,249
9.09781,18.9927,249
9.19093,16.9949,249
10.726,15.7129,249
10.9404,13.7244,249
10.7188,11.7368,249
10.303,9.78045,249
8.51274,8.88888,249
8.32701,6.89753,249
6.94923,5.4478,249
5,5,249
73.6266,68.1319,250
72.7081,66.3553,250
72.5435,64.3621,250
72.1226,62.4068,250
70.1894,61.8945,250
68.3152,61.1963,250
66.937,59.747,250
66.6815,57.7634,250
67.8171,56.117,250
67.5569,54.134,250
67.1605,52.1737,250
67.8716,50.3043,250
67.2244,48.4119,250
65.9638,46.8592,250
64.7668,45.257,250
64.2266,43.3314,250
62.2431,43.5877,250
61.8293,41.631,250
60.1488,40.5467,250
59.0695,38.8629,250
57.1519,39.4307,250
55.6279,38.1355,250
53.7057,37.5832,250
52.5523,39.2171,250
50.7336,40.0492,250
48.8354,40.6791,250
46.923,41.2644,250
45.0676,40.5178,250
43.3972,41.6178,250
41.4864,42.2082,250
39.5236,42.5921,250
37.8218,41.5414,250
36.281,40.2663,250
34.3704,40.8574,250
32.5226,40.092,250
30.5682,40.5164,250
28.917,39.3878,250
28.5888,37.415,250
26.9488,36.2702,250
25.696,34.7112,250
26.4217,32.8475,250
26.2601,30.854,250
24.3605,30.2285,250
23.4125,28.4674,250
22.457,26.7105,250
20.4619,26.8508,250
18.4621,26.8798,250
16.8545,25.6901,250
15.848,23.9618,250
14.3153,22.677,250
12.3192,22.8024,250
10.3345,22.5557,250
10.3455,20.5558,250
9.09781,18.9927,250
9.19093,16.9949,250
10.726,15.7129,250
10.9404,13.7244,250
10.7188,11.7368,250
10.303,9.78045,250
8.51274,8.88888,250
8.32701,6.89753,250
6.94923,5.4478,250
5,5,250
34.3169,62.9175,251
34.643,64.8907,251
32.7048,65.3841,251
30.9117,64.4982,251
29.1365,63.5769,251
27.2625,62.8783,251
25.5854,61.7887,251
25.6753,59.7907,251
26.6009,58.0178,251
25.7113,56.2265,251
26.5074,54.3917,251
26.0495,52.4448,251
27.5358,51.1065,251
27.8514,49.1316,251
27.0333,47.3066,251
27.9601,45.5343,251
29.2662,44.0197,251
30.5853,42.5163,251
30.5682,40.5164,251
28.917,39.3878,251
28.5888,37.415,251
26.9488,36.2702,251
25.696,34.7112,251
26.4217,32.8475,251
26.2601,30.854,251
24.3605,30.2285,251
23.4125,28.4674,251
22.457,26.7105,251
20.4619,26.8508,251
18.4621,26.8798,251
16.8545,25.6901,251
15.848,23.9618,251
14.3153,22.677,251
12.3192,22.8024,251
10.3345,22.5557,251
10.3455,20.5558,251
9.09781,18.9927,251
9.19093,16.9949,251
10.726,15.7129,251
10.9404,13.7244,251
10.7188,11.7368,251
10.303,9.78045,251
8.51274,8.88888,251
8.32701,6.89753,251
6.94923,5.4478,251
5,5,251
29.7085,83.3844,252
31.0767,81.9256,252
30.7621,79.9505,252
31.8891,78.2982,252
30.9632,76.5254,252
31.2366,74.5442,252
31.6129,72.5799,252
29.7145,71.9507,252
27.8831,71.1468,252
26.0822,70.2769,252
24.4739,69.0881,252
24.2091,67.1057,252
23.5606,65.2137,252
24.7503,63.606,252
25.5854,61.7887,252
25.6753,59.7907,252
26.6009,58.0178,252
25.7113,56.2265,252
26.5074,54.3917,252
26.0495,52.4448,252
27.5358,51.1065,252
27.8514,49.1316,252
27.0333,47.3066,252
27.9601,45.5343,252
29.2662,44.0197,252
30.5853,42.5163,252
30.5682,40.5164,252
28.917,39.3878,252
28.5888,37.415,252
26.9488,36.2702,252
25.696,34.7112,252
26.4217,32.8475,252
26.2601,30.854,252
24.3605,30.2285,252
23.4125,28.4674,252
22.457,26.7105,252
20.4619,26.8508,252
18.4621,26.8798,252
16.8545,25.6901,252
15.848,23.9618,252
14.3153,22.677,252
12.3192,22.8024,252
10.3345,22.5557,252
10.3455,20.5558,252
9.09781,18.9927,252
9.19093,16.9949,252
10.726,15.7129,252
10.9404,13.7244,252
10.7188,11.7368,252
10.303,9.78045,252
8.51274,8.88888,252
8.32701,6.89753,252
6.94923,5.4478,252
5,5,252
9.89656,80.4352,253
11.4392,79.1623,253
13.2373,80.0381,253
15.1936,79.6226,253
16.283,77.9453,253
17.9582,76.8527,253
19.6762,75.8288,253
21.6507,75.5105,253
22.485,73.6928,253
21.6521,71.8746,253
23.2465,70.6671,253
24.4739,69.0881,253
24.2091,67.1057,253
23.5606,65.2137,253
24.7503,63.606,253
25.5854,61.7887,253
25.6753,59.7907,253
26.6009,58.0178,253
25.7113,56.2265,253
26.5074,54.3917,253
26.0495,52.4448,253
27.5358,51.1065,253
27.8514,49.1316,253
27.0333,47.3066,253
27.9601,45.5343,253
29.2662,44.0197,253
30.5853,42.5163,253
30.5682,40.5164,253
28.917,39.3878,253
28.5888,37.415,253
26.9488,36.2702,253
25.696,34.7112,253
26.4217,32.8475,253
26.2601,30.854,253
24.3605,30.2285,253
23.4125,28.4674,253
22.457,26.7105,253
20.4619,26.8508,253
18.4621,26.8798,253
16.8545,25.6901,253
15.848,23.9618,253
14.3153,22.677,253
12.3192,22.8024,253
10.3345,22.5557,253
10.3455,20.5558,253
9.09781,18.9927,253
9.19093,16.9949,253
10.726,15.7129,253
10.9404,13.7244,253
10.7188,11.7368,253
10.303,9.78045,253
8.51274,8.88888,253
8.32701,6.89753,253
6.94923,5.4478,253
5,5,253
71.8251,71.3956,254
72.091,69.4133,254
73.6266,68.1319,254
72.7081,66.3553,254
72.5435,64.3621,254
72.1226,62.4068,254
70.1894,61.8945,254
68.3152,61.1963,254
66.937,59.747,254
66.6815,57.7634,254
67.8171,56.117,254
67.5569,54.134,254
67.1605,52.1737,254
67.8716,50.3043,254
67.2244,48.4119,254
65.9638,46.8592,254
64.7668,45.257,254
64.2266,43.3314,254
62.2431,43.5877,254
61.8293,41.631,254
60.1488,40.5467,254
59.0695,38.8629,254
57.1519,39.4307,254
55.6279,38.1355,254
53.7057,37.5832,254
52.5523,39.2171,254
50.7336,40.0492,254
48.8354,40.6791,254
46.923,41.2644,254
45.0676,40.5178,254
43.3972,41.6178,254
41.4864,42.2082,254
39.5236,42.5921,254
37.8218,41.5414,254
36.281,40.2663,254
34.3704,40.8574,254
32.5226,40.092,254
30.5682,40.5164,254
28.917,39.3878,254
28.5888,37.415,254
26.9488,36.2702,254
25.696,34.7112,254
26.4217,32.8475,254
26.2601,30.854,254
24.3605,30.2285,254
23.4125,28.4674,254
22.457,26.7105,254
20.4619,26.8508,254
18.4621,26.8798,254
16.8545,25.6901,254
15.848,23.9618,254
14.3153,22.677,254
12.3192,22.8024,254
10.3345,22.5557,254
10.3455,20.5558,254
9.09781,18.9927,254
9.19093,16.9949,254
10.726,15.7129,254
10.9404,13.7244,254
10.7188,11.7368,254
10.303,9.78045,254
8.51274,8.88888,254
8.32701,6.89753,254
6.94923,5.4478,254
5,5,254
76.9716,60.1006,255
74.9799,60.2828,255
73,60,255
72.1226,62.4068,255
70.1894,61.8945,255
68.3152,61.1963,255
66.937,59.747,255
66.6815,57.7634,255
67.8171,56.117,255
67.5569,54.134,255
67.1605,52.1737,255
67.8716,50.3043,255
67.2244,48.4119,255
65.9638,46.8592,255
64.7668,45.257,255
64.2266,43.3314,255
62.2431,43.5877,255
61.8293,41.631,255
60.1488,40.5467,255
59.0695,38.8629,255
57.1519,39.4307,255
55.6279,38.1355,255
53.7057,37.5832,255
52.5523,39.2171,255
50.7336,40.0492,255
48.8354,40.6791,255
46.923,41.2644,255
45.0676,40.5178,255
43.3972,41.6178,255
41.4864,42.2082,255
39.5236,42.5921,255
37.8218,41.5414,255
36.281,40.2663,255
34.3704,40.8574,255
32.5226,40.092,255
30.5682,40.5164,255
28.917,39.3878,255
28.5888,37.415,255
26.9488,36.2702,255
25.696,34.7112,255
26.4217,32.8475,255
26.2601,30.854,255
24.3605,30.2285,255
23.4125,28.4674,255
22.457,26.7105,255
20.4619,26.8508,255
18.4621,26.8798,255
16.8545,25.6901,255
15.848,23.9618,255
14.3153,22.677,255
12.3192,22.8024,255
10.3345,22.5557,255
10.3455,20.5558,255
9.09781,18.9927,255
9.19093,16.9949,255
10.726,15.7129,255
10.9404,13.7244,255
10.7188,11.7368,255
10.303,9.78045,255
8.51274,8.88888,255
8.32701,6.89753,255
6.94923,5.4478,255
5,5,255
73.1058,72.9318,256
71.8251,71.3956,256
72.091,69.4133,256
73.6266,68.1319,256
72.7081,66.3553,256
72.5435,64.3621,256
72.1226,62.4068,256
70.1894,61.8945,256
68.3152,61.1963,256
66.937,59.747,256
66.6815,57.7634,256
67.8171,56.117,256
67.5569,54.134,256
67.1605,52.1737,256
67.8716,50.3043,256
67.2244,48.4119,256
65.9638,46.8592,256
64.7668,45.257,256
64.2266,43.3314,256
62.2431,43.5877,256
61.8293,41.631,256
60.1488,40.5467,256
59.0695,38.8629,256
57.1519,39.4307,256
55.6279,38.1355,256
53.7057,37.5832,256
52.5523,39.2171,256
50.7336,40.0492,256
48.8354,40.6791,256
46.923,41.2644,256
45.0676,40.5178,256
43.3972,41.6178,256
41.4864,42.2082,256
39.5236,42.5921,256
37.8218,41.5414,256
36.281,40.2663,256
34.3704,40.8574,256
32.5226,40.092,256
30.5682,40.5164,256
28.917,39.3878,256
28.5888,37.415,256
26.9488,36.2702,256
25.696,34.7112,256
26.4217,32.8475,256
26.2601,30.854,256
24.3605,30.2285,256
23.4125,28.4674,256
22.457,26.7105,256
20.4619,26.8508,256
18.4621,26.8798,256
16.8545,25.6901,256
15.848,23.9618,256
14.3153,22.677,256
12.3192,22.8024,256
10.3345,22.5557,256
10.3455,20.5558,256
9.09781,18.9927,256
9.19093,16.9949,256
10.726,15.7129,256
10.9404,13.7244,256
10.7188,11.7368,256
10.303,9.78045,256
8.51274,8.88888,256
8.32701,6.89753,256
6.94923,5.4478,256
5,5,256
70.1674,69.9607,257
72.091,69.4133,257
73.6266,68.1319,257
72.7081,66.3553,257
72.5435,64.3621,257
72.1226,62.4068,257
70.1894,61.8945,257
68.3152,61.1963,257
66.937,59.747,257
66.6815,57.7634,257
67.8171,56.117,257
67.5569,54.134,257
67.1605,52.1737,257
67.8716,50.3043,257
67.2244,48.4119,257
65.9638,46.8592,257
64.7668,45.257,257
64.2266,43.3314,257
62.2431,43.5877,257
61.8293,41.631,257
60.1488,40.5467,257
59.0695,38.8629,257
57.1519,39.4307,257
55.6279,38.1355,257
53.7057,37.5832,257
52.5523,39.2171,257
50.7336,40.0492,257
48.8354,40.6791,257
46.923,41.2644,257
45.0676,40.5178,257
43.3972,41.6178,257
41.4864,42.2082,257
39.5236,42.5921,257
37.8218,41.5414,257
36.281,40.2663,257
34.3704,40.8574,257
32.5226,40.092,257
30.5682,40.5164,257
28.917,39.3878,257
28.5888,37.415,257
26.9488,36.2702,257
25.696,34.7112,257
26.4217,32.8475,257
26.2601,30.854,257
24.3605,30.2285,257
23.4125,28.4674,257
22.457,26.7105,257
20.4619,26.8508,257
18.4621,26.8798,257
16.8545,25.6901,257
15.848,23.9618,257
14.3153,22.677,257
12.3192,22.8024,257
10.3345,22.5557,257
10.3455,20.5558,257
9.09781,18.9927,257
9.19093,16.9949,257
10.726,15.7129,257
10.9404,13.7244,257
10.7188,11.7368,257
10.303,9.78045,257
8.51274,8.88888,257
8.32701,6.89753,257
6.94923,5.4478,257
5,5,257
52.2282,49.5896,258
52.4167,47.5985,258
52.1527,45.616,258
51.9722,43.6242,258
51.9663,41.6242,258
50.7336,40.0492,258
48.8354,40.6791,258
46.923,41.2644,258
45.0676,40.5178,258
43.3972,41.6178,258
41.4864,42.2082,258
39.5236,42.5921,258
37.8218,41.5414,258
36.281,40.2663,258
34.3704,40.8574,258
32.5226,40.092,258
30.5682,40.5164,258
28.917,39.3878,258
28.5888,37.415,258
26.9488,36.2702,258
25.696,34.7112,258
26.4217,32.8475,258
26.2601,30.854,258
24.3605,30.2285,258
23.4125,28.4674,258
22.457,26.7105,258
20.4619,26.8508,258
18.4621,26.8798,258
16.8545,25.6901,258
15.848,23.9618,258
14.3153,22.677,258
12.3192,22.8024,258
10.3345,22.5557,258
10.3455,20.5558,258
9.09781,18.9927,258
9.19093,16.9949,258
10.726,15.7129,258
10.9404,13.7244,258
10.7188,11.7368,258
10.303,9.78045,258
8.51274,8.88888,258
8.32701,6.89753,258
6.94923,5.4478,258
5,5,258
46.923,41.2644,259
45.0676,40.5178,259
43.3972,41.6178,259
41.4864,42.2082,259
39.5236,42.5921,259
37.8218,41.5414,259
36.281,40.2663,259
34.3704,40.8574,259
32.5226,40.092,259
30.5682,40.5164,259
28.917,39.3878,259
28.5888,37.415,259
26.9488,36.2702,259
25.696,34.7112,259
26.4217,32.8475,259
26.2601,30.854,259
24.3605,30.2285,259
23.4125,28.4674,259
22.457,26.7105,259
20.4619,26.8508,259
18.4621,26.8798,259
16.8545,25.6901,259
15.848,23.9618,259
14.3153,22.677,259
12.3192,22.8024,259
10.3345,22.5557,259
10.3455,20.5558,259
9.09781,18.9927,259
9.19093,16.9949,259
10.726,15.7129,259
10.9404,13.7244,259
10.7188,11.7368,259
10.303,9.78045,259
8.51274,8.88888,259
8.32701,6.89753,259
6.94923,5.4478,259
5,5,259
72.7999,74.9083,260
73.1058,72.9318,260
71.8251,71.3956,260
72.091,69.4133,260
73.6266,68.1319,260
72.7081,66.3553,260
72.5435,64.3621,260
72.1226,62.4068,260
70.1894,61.8945,260
68.3152,61.1963,260
66.937,59.747,260
66.6815,57.7634,260
67.8171,56.117,260
67.5569,54.134,260
67.1605,52.1737,260
67.8716,50.3043,260
67.2244,48.4119,260
65.9638,46.8592,260
64.7668,45.257,260
64.2266,43.3314,260
62.2431,43.5877,260
61.8293,41.631,260
60.1488,40.5467,260
59.0695,38.8629,260
57.1519,39.4307,260
55.6279,38.1355,260
53.7057,37.5832,260
52.5523,39.2171,260
50.7336,40.0492,260
48.8354,40.6791,260
46.923,41.2644,260
45.0676,40.5178,260
43.3972,41.6178,260
41.4864,42.2082,260
39.5236,42.5921,260
37.8218,41.5414,260
36.281,40.2663,260
34.3704,40.8574,260
32.5226,40.092,260
30.5682,40.5164,260
28.917,39.3878,260
28.5888,37.415,260
26.9488,36.2702,260
25.696,34.7112,260
26.4217,32.8475,260
26.2601,30.854,260
24.3605,30.2285,260
23.4125,28.4674,260
22.457,26.7105,260
20.4619,26.8508,260
18.4621,26.8798,260
16.8545,25.6901,260
15.848,23.9618,260
14.3153,22.677,260
12.3192,22.8024,260
10.3345,22.5557,260
10.3455,20.5558,260
9.09781,18.9927,260
9.19093,16.9949,260
10.726,15.7129,260
10.9404,13.7244,260
10.7188,11.7368,260
10.303,9.78045,260
8.51274,8.88888,260
8.32701,6.89753,260
6.94923,5.4478,260
5,5,260
37,62,261
34.3169,62.9175,261
34.643,64.8907,261
32.7048,65.3841,261
30.9117,64.4982,261
29.1365,63.5769,261
27.2625,62.8783,261
25.5854,61.7887,261
25.6753,59.7907,261
26.6009,58.0178,261
25.7113,56.2265,261
26.5074,54.3917,261
26.0495,52.4448,261
27.5358,51.1065,261
27.8514,49.1316,261
27.0333,47.3066,261
27.9601,45.5343,261
29.2662,44.0197,261
30.5853,42.5163,261
30.5682,40.5164,261
28.917,39.3878,261
28.5888,37.415,261
26.9488,36.2702,261
25.696,34.7112,261
26.4217,32.8475,261
26.2601,30.854,261
24.3605,30.2285,261
23.4125,28.4674,261
22.457,26.7105,261
20.4619,26.8508,261
18.4621,26.8798,261
16.8545,25.6901,261
15.848,23.9618,261
14.3153,22.677,261
12.3192,22.8024,261
10.3345,22.5557,261
10.3455,20.5558,261
9.09781,18.9927,261
9.19093,16.9949,261
10.726,15.7129,261
10.9404,13.7244,261
10.7188,11.7368,261
10.303,9.78045,261
8.51274,8.88888,261
8.32701,6.89753,261
6.94923,5.4478,261
5,5,261
38,60,262
37,62,262
34.3169,62.9175,262
34.643,64.8907,262
32.7048,65.3841,262
30.9117,64.4982,262
29.1365,63.5769,262
27.2625,62.8783,262
25.5854,61.7887,262
25.6753,59.7907,262
26.6009,58.0178,262
25.7113,56.2265,262
26.5074,54.3917,262
26.0495,52.4448,262
27.5358,51.1065,262
27.8514,49.1316,262
27.0333,47.3066,262
27.9601,45.5343,262
29.2662,44.0197,262
30.5853,42.5163,262
30.5682,40.5164,262
28.917,39.3878,262
28.5888,37.415,262
26.9488,36.2702,262
25.696,34.7112,262
26.4217,32.8475,262
26.2601,30.854,262
24.3605,30.2285,262
23.4125,28.4674,262
22.457,26.7105,262
20.4619,26.8508,262
18.4621,26.8798,262
16.8545,25.6901,262
15.848,23.9618,262
14.3153,22.677,262
12.3192,22.8024,262
10.3345,22.5557,262
10.3455,20.5558,262
9.09781,18.9927,262
9.19093,16.9949,262
10.726,15.7129,262
10.9404,13.7244,262
10.7188,11.7368,262
10.303,9.78045,262
8.51274,8.88888,262
8.32701,6.89753,262
6.94923,5.4478,262
5,5,262
36.8531,86.9272,263
34.9169,86.4262,263
33.4301,85.0885,263
32.5248,83.3051,263
31.0767,81.9256,263
30.7621,79.9505,263
31.8891,78.2982,263
30.9632,76.5254,263
31.2366,74.5442,263
31.6129,72.5799,263
29.7145,71.9507,263
27.8831,71.1468,263
26.0822,70.2769,263
24.4739,69.0881,263
24.2091,67.1057,263
23.5606,65.2137,263
24.7503,63.606,263
25.5854,61.7887,263
25.6753,59.7907,263
26.6009,58.0178,263
25.7113,56.2265,263
26.5074,54.3917,263
26.0495,52.4448,263
27.5358,51.1065,263
27.8514,49.1316,263
27.0333,47.3066,263
27.9601,45.5343,263
29.2662,44.0197,263
30.5853,42.5163,263
30.5682,40.5164,263
28.917,39.3878,263
28.5888,37.415,263
26.9488,36.2702,263
25.696,34.7112,263
26.4217,32.8475,263
26.2601,30.854,263
24.3605,30.2285,263
23.4125,28.4674,263
22.457,26.7105,263
20.4619,26.8508,263
18.4621,26.8798,263
16.8545,25.6901,263
15.848,23.9618,263
14.3153,22.677,263
12.3192,22.8024,263
10.3345,22.5557,263
10.3455,20.5558,263
9.09781,18.9927,263
9.19093,16.9949,263
10.726,15.7129,263
10.9404,13.7244,263
10.7188,11.7368,263
10.303,9.78045,263
8.51274,8.88888,263
8.32701,6.89753,263
6.94923,5.4478,263
5,5,263
74.2174,76.3192,264
72.7999,74.9083,264
73.1058,72.9318,264
71.8251,71.3956,264
72.091,69.4133,264
73.6266,68.1319,264
72.7081,66.3553,264
72.5435,64.3621,264
72.1226,62.4068,264
70.1894,61.8945,264
68.3152,61.1963,264
66.937,59.747,264
66.6815,57.7634,264
67.8171,56.117,264
67.5569,54.134,264
67.1605,52.1737,264
67.8716,50.3043,264
67.2244,48.4119,264
65.9638,46.8592,264
64.7668,45.257,264
64.2266,43.3314,264
62.2431,43.5877,264
61.8293,41.631,264
60.1488,40.5467,264
59.0695,38.8629,264
57.1519,39.4307,264
55.6279,38.1355,264
53.7057,37.5832,264
52.5523,39.2171,264
50.7336,40.0492,264
48.8354,40.6791,264
46.923,41.2644,264
45.0676,40.5178,264
43.3972,41.6178,264
41.4864,42.2082,264
39.5236,42.5921,264
37.8218,41.5414,264
36.281,40.2663,264
34.3704,40.8574,264
32.5226,40.092,264
30.5682,40.5164,264
28.917,39.3878,264
28.5888,37.415,264
26.9488,36.2702,264
25.696,34.7112,264
26.4217,32.8475,264
26.2601,30.854,264
24.3605,30.2285,264
23.4125,28.4674,264
22.457,26.7105,264
20.4619,26.8508,264
18.4621,26.8798,264
16.8545,25.6901,264
15.848,23.9618,264
14.3153,22.677,264
12.3192,22.8024,264
10.3345,22.5557,264
10.3455,20.5558,264
9.09781,18.9927,264
9.19093,16.9949,264
10.726,15.7129,264
10.9404,13.7244,264
10.7188,11.7368,264
10.303,9.78045,264
8.51274,8.88888,264
8.32701,6.89753,264
6.94923,5.4478,264
5,5,264
67.5569,54.134,265
67.1605,52.1737,265
67.8716,50.3043,265
67.2244,48.4119,265
65.9638,46.8592,265
64.7668,45.257,265
64.2266,43.3314,265
62.2431,43.5877,265
61.8293,41.631,265
60.1488,40.5467,265
59.0695,38.8629,265
57.1519,39.4307,265
55.6279,38.1355,265
53.7057,37.5832,265
52.5523,39.2171,265
50.7336,40.0492,265
48.8354,40.6791,265
46.923,41.2644,265
45.0676,40.5178,265
43.3972,41.6178,265
41.4864,42.2082,265
39.5236,42.5921,265
37.8218,41.5414,265
36.281,40.2663,265
34.3704,40.8574,265
32.5226,40.092,265
30.5682,40.5164,265
28.917,39.3878,265
28.5888,37.415,265
26.9488,36.2702,265
25.696,34.7112,265
26.4217,32.8475,265
26.2601,30.854,265
24.3605,30.2285,265
23.4125,28.4674,265
22.457,26.7105,265
20.4619,26.8508,265
18.4621,26.8798,265
16.8545,25.6901,265
15.848,23.9618,265
14.3153,22.677,265
12.3192,22.8024,265
10.3345,22.5557,265
10.3455,20.5558,265
9.09781,18.9927,265
9.19093,16.9949,265
10.726,15.7129,265
10.9404,13.7244,265
10.7188,11.7368,265
10.303,9.78045,265
8.51274,8.88888,265
8.32701,6.89753,265
6.94923,5.4478,265
5,5,265
81.6103,38.7337,266
79.9698,39.8778,266
78.0921,40.5664,266
76.2114,41.2469,266
74.4954,42.2742,266
72.7302,41.3339,266
70.9274,42.1998,266
70.0508,43.9975,266
68.1968,43.2474,266
66.2168,43.5293,266
64.2266,43.3314,266
62.2431,43.5877,266
61.8293,41.631,266
60.1488,40.5467,266
59.0695,38.8629,266
57.1519,39.4307,266
55.6279,38.1355,266
53.7057,37.5832,266
52.5523,39.2171,266
50.7336,40.0492,266
48.8354,40.6791,266
46.923,41.2644,266
45.0676,40.5178,266
43.3972,41.6178,266
41.4864,42.2082,266
39.5236,42.5921,266
37.8218,41.5414,266
36.281,40.2663,266
34.3704,40.8574,266
32.5226,40.092,266
30.5682,40.5164,266
28.917,39.3878,266
28.5888,37.415,266
26.9488,36.2702,266
25.696,34.7112,266
26.4217,32.8475,266
26.2601,30.854,266
24.3605,30.2285,266
23.4125,28.4674,266
22.457,26.7105,266
20.4619,26.8508,266
18.4621,26.8798,266
16.8545,25.6901,266
15.848,23.9618,266
14.3153,22.677,266
12.3192,22.8024,266
10.3345,22.5557,266
10.3455,20.5558,266
9.09781,18.9927,266
9.19093,16.9949,266
10.726,15.7129,266
10.9404,13.7244,266
10.7188,11.7368,266
10.303,9.78045,266
8.51274,8.88888,266
8.32701,6.89753,266
6.94923,5.4478,266
5,5,266
42.9452,13.7149,267
42.117,15.5353,267
40.6777,16.924,267
39.018,18.04,267
37.0924,17.4995,267
35.5625,18.7876,267
34.8578,20.6594,267
33.3229,21.9415,267
31.4197,22.5563,267
29.5229,23.1904,267
27.7258,24.0682,267
25.8045,24.6238,267
24.3062,25.9485,267
22.457,26.7105,267
20.4619,26.8508,267
18.4621,26.8798,267
16.8545,25.6901,267
15.848,23.9618,267
14.3153,22.677,267
12.3192,22.8024,267
10.3345,22.5557,267
10.3455,20.5558,267
9.09781,18.9927,267
9.19093,16.9949,267
10.726,15.7129,267
10.9404,13.7244,267
10.7188,11.7368,267
10.303,9.78045,267
8.51274,8.88888,267
8.32701,6.89753,267
6.94923,5.4478,267
5,5,267
77.2046,13.8946,268
75.2729,14.4126,268
74.309,16.165,268
73.718,18.0757,268
72.5262,19.6819,268
72.916,21.6435,268
72.9002,23.6434,268
71.3453,24.9014,268
69.7687,26.1319,268
67.8731,26.7695,268
66.6403,28.3444,268
64.6726,28.7026,268
63.4429,30.2799,268
61.8123,31.4379,268
61.719,33.4357,268
60.5965,35.091,268
60,37,268
59.0695,38.8629,268
57.1519,39.4307,268
55.6279,38.1355,268
53.7057,37.5832,268
52.5523,39.2171,268
50.7336,40.0492,268
48.8354,40.6791,268
46.923,41.2644,268
45.0676,40.5178,268
43.3972,41.6178,268
41.4864,42.2082,268
39.5236,42.5921,268
37.8218,41.5414,268
36.281,40.2663,268
34.3704,40.8574,268
32.5226,40.092,268
30.5682,40.5164,268
28.917,39.3878,268
28.5888,37.415,268
26.9488,36.2702,268
25.696,34.7112,268
26.4217,32.8475,268
26.2601,30.854,268
24.3605,30.2285,268
23.4125,28.4674,268
22.457,26.7105,268
20.4619,26.8508,268
18.4621,26.8798,268
16.8545,25.6901,268
15.848,23.9618,268
14.3153,22.677,268
12.3192,22.8024,268
10.3345,22.5557,268
10.3455,20.5558,268
9.09781,18.9927,268
9.19093,16.9949,268
10.726,15.7129,268
10.9404,13.7244,268
10.7188,11.7368,268
10.303,9.78045,268
8.51274,8.88888,268
8.32701,6.89753,268
6.94923,5.4478,268
5,5,268
42,11,269
42.9452,13.7149,269
42.117,15.5353,269
40.6777,16.924,269
39.018,18.04,269
37.0924,17.4995,269
35.5625,18.7876,269
34.8578,20.6594,269
33.3229,21.9415,269
31.4197,22.5563,269
29.5229,23.1904,269
27.7258,24.0682,269
25.8045,24.6238,269
24.3062,25.9485,269
22.457,26.7105,269
20.4619,26.8508,269
18.4621,26.8798,269
16.8545,25.6901,269
15.848,23.9618,269
14.3153,22.677,269
12.3192,22.8024,269
10.3345,22.5557,269
10.3455,20.5558,269
9.09781,18.9927,269
9.19093,16.9949,269
10.726,15.7129,269
10.9404,13.7244,269
10.7188,11.7368,269
10.303,9.78045,269
8.51274,8.88888,269
8.32701,6.89753,269
6.94923,5.4478,269
5,5,269
75.2729,14.4126,270
74.309,16.165,270
73.718,18.0757,270
72.5262,19.6819,270
72.916,21.6435,270
72.9002,23.6434,270
71.3453,24.9014,270
69.7687,26.1319,270
67.8731,26.7695,270
66.6403,28.3444,270
64.6726,28.7026,270
63.4429,30.2799,270
61.8123,31.4379,270
61.719,33.4357,270
60.5965,35.091,270
60,37,270
59.0695,38.8629,270
57.1519,39.4307,270
55.6279,38.1355,270
53.7057,37.5832,270
52.5523,39.2171,270
50.7336,40.0492,270
48.8354,40.6791,270
46.923,41.2644,270
45.0676,40.5178,270
43.3972,41.6178,270
41.4864,42.2082,270
39.5236,42.5921,270
37.8218,41.5414,270
36.281,40.2663,270
34.3704,40.8574,270
32.5226,40.092,270
30.5682,40.5164,270
28.917,39.3878,270
28.5888,37.415,270
26.9488,36.2702,270
25.696,34.7112,270
26.4217,32.8475,270
26.2601,30.854,270
24.3605,30.2285,270
23.4125,28.4674,270
22.457,26.7105,270
20.4619,26.8508,270
18.4621,26.8798,270
16.8545,25.6901,270
15.848,23.9618,270
14.3153,22.677,270
12.3192,22.8024,270
10.3345,22.5557,270
10.3455,20.5558,270
9.09781,18.9927,270
9.19093,16.9949,270
10.726,15.7129,270
10.9404,13.7244,270
10.7188,11.7368,270
10.303,9.78045,270
8.51274,8.88888,270
8.32701,6.89753,270
6.94923,5.4478,270
5,5,270
78.8902,12.8181,271
77.2046,13.8946,271
75.2729,14.4126,271
74.309,16.165,271
73.718,18.0757,271
72.5262,19.6819,271
72.916,21.6435,271
72.9002,23.6434,271
71.3453,24.9014,271
69.7687,26.1319,271
67.8731,26.7695,271
66.6403,28.3444,271
64.6726,28.7026,271
63.4429,30.2799,271
61.8123,31.4379,271
61.719,33.4357,271
60.5965,35.091,271
60,37,271
59.0695,38.8629,271
57.1519,39.4307,271
55.6279,38.1355,271
53.7057,37.5832,271
52.5523,39.2171,271
50.7336,40.0492,271
48.8354,40.6791,271
46.923,41.2644,271
45.0676,40.5178,271
43.3972,41.6178,271
41.4864,42.2082,271
39.5236,42.5921,271
37.8218,41.5414,271
36.281,40.2663,271
34.3704,40.8574,271
32.5226,40.092,271
30.5682,40.5164,271
28.917,39.3878,271
28.5888,37.415,271
26.9488,36.2702,271
25.696,34.7112,271
26.4217,32.8475,271
26.2601,30.854,271
24.3605,30.2285,271
23.4125,28.4674,271
22.457,26.7105,271
20.4619,26.8508,271
18.4621,26.8798,271
16.8545,25.6901,271
15.848,23.9618,271
14.3153,22.677,271
12.3192,22.8024,271
10.3345,22.5557,271
10.3455,20.5558,271
9.09781,18.9927,271
9.19093,16.9949,271
10.726,15.7129,271
10.9404,13.7244,271
10.7188,11.7368,271
10.303,9.78045,271
8.51274,8.88888,271
8.32701,6.89753,271
6.94923,5.4478,271
5,5,271
48,43,272
46.923,41.2644,272
45.0676,40.5178,272
43.3972,41.6178,272
41.4864,42.2082,272
39.5236,42.5921,272
37.8218,41.5414,272
36.281,40.2663,272
34.3704,40.8574,272
32.5226,40.092,272
30.5682,40.5164,272
28.917,39.3878,272
28.5888,37.415,272
26.9488,36.2702,272
25.696,34.7112,272
26.4217,32.8475,272
26.2601,30.854,272
24.3605,30.2285,272
23.4125,28.4674,272
22.457,26.7105,272
20.4619,26.8508,272
18.4621,26.8798,272
16.8545,25.6901,272
15.848,23.9618,272
14.3153,22.677,272
12.3192,22.8024,272
10.3345,22.5557,272
10.3455,20.5558,272
9.09781,18.9927,272
9.19093,16.9949,272
10.726,15.7129,272
10.9404,13.7244,272
10.7188,11.7368,272
10.303,9.78045,272
8.51274,8.88888,272
8.32701,6.89753,272
6.94923,5.4478,272
5,5,272
40.2473,19.6176,273
39.018,18.04,273
37.0924,17.4995,273
35.5625,18.7876,273
34.8578,20.6594,273
33.3229,21.9415,273
31.4197,22.5563,273
29.5229,23.1904,273
27.7258,24.0682,273
25.8045,24.6238,273
24.3062,25.9485,273
22.457,26.7105,273
20.4619,26.8508,273
18.4621,26.8798,273
16.8545,25.6901,273
15.848,23.9618,273
14.3153,22.677,273
12.3192,22.8024,273
10.3345,22.5557,273
10.3455,20.5558,273
9.09781,18.9927,273
9.19093,16.9949,273
10.726,15.7129,273
10.9404,13.7244,273
10.7188,11.7368,273
10.303,9.78045,273
8.51274,8.88888,273
8.32701,6.89753,273
6.94923,5.4478,273
5,5,273
54.1462,50.1565,274
52.2282,49.5896,274
52.4167,47.5985,274
52.1527,45.616,274
51.9722,43.6242,274
51.9663,41.6242,274
50.7336,40.0492,274
48.8354,40.6791,274
46.923,41.2644,274
45.0676,40.5178,274
43.3972,41.6178,274
41.4864,42.2082,274
39.5236,42.5921,274
37.8218,41.5414,274
36.281,40.2663,274
34.3704,40.8574,274
32.5226,40.092,274
30.5682,40.5164,274
28.917,39.3878,274
28.5888,37.415,274
26.9488,36.2702,274
25.696,34.7112,274
26.4217,32.8475,274
26.2601,30.854,274
24.3605,30.2285,274
23.4125,28.4674,274
22.457,26.7105,274
20.4619,26.8508,274
18.4621,26.8798,274
16.8545,25.6901,274
15.848,23.9618,274
14.3153,22.677,274
12.3192,22.8024,274
10.3345,22.5557,274
10.3455,20.5558,274
9.09781,18.9927,274
9.19093,16.9949,274
10.726,15.7129,274
10.9404,13.7244,274
10.7188,11.7368,274
10.303,9.78045,274
8.51274,8.88888,274
8.32701,6.89753,274
6.94923,5.4478,274
5,5,274
31.6129,72.5799,275
29.7145,71.9507,275
27.8831,71.1468,275
26.0822,70.2769,275
24.4739,69.0881,275
24.2091,67.1057,275
23.5606,65.2137,275
24.7503,63.606,275
25.5854,61.7887,275
25.6753,59.7907,275
26.6009,58.0178,275
25.7113,56.2265,275
26.5074,54.3917,275
26.0495,52.4448,275
27.5358,51.1065,275
27.8514,49.1316,275
27.0333,47.3066,275
27.9601,45.5343,275
29.2662,44.0197,275
30.5853,42.5163,275
30.5682,40.5164,275
28.917,39.3878,275
28.5888,37.415,275
26.9488,36.2702,275
25.696,34.7112,275
26.4217,32.8475,275
26.2601,30.854,275
24.3605,30.2285,275
23.4125,28.4674,275
22.457,26.7105,275
20.4619,26.8508,275
18.4621,26.8798,275
16.8545,25.6901,275
15.848,23.9618,275
14.3153,22.677,275
12.3192,22.8024,275
10.3345,22.5557,275
10.3455,20.5558,275
9.09781,18.9927,275
9.19093,16.9949,275
10.726,15.7129,275
10.9404,13.7244,275
10.7188,11.7368,275
10.303,9.78045,275
8.51274,8.88888,275
8.32701,6.89753,275
6.94923,5.4478,275
5,5,275
80.438,11.5515,276
78.8902,12.8181,276
77.2046,13.8946,276
75.2729,14.4126,276
74.309,16.165,276
73.718,18.0757,276
72.5262,19.6819,276
72.916,21.6435,276
72.9002,23.6434,276
71.3453,24.9014,276
69.7687,26.1319,276
67.8731,26.7695,276
66.6403,28.3444,276
64.6726,28.7026,276
63.4429,30.2799,276
61.8123,31.4379,276
61.719,33.4357,276
60.5965,35.091,276
60,37,276
59.0695,38.8629,276
57.1519,39.4307,276
55.6279,38.1355,276
53.7057,37.5832,276
52.5523,39.2171,276
50.7336,40.0492,276
48.8354,40.6791,276
46.923,41.2644,276
45.0676,40.5178,276
43.3972,41.6178,276
41.4864,42.2082,276
39.5236,42.5921,276
37.8218,41.5414,276
36.281,40.2663,276
34.3704,40.8574,276
32.5226,40.092,276
30.5682,40.5164,276
28.917,39.3878,276
28.5888,37.415,276
26.9488,36.2702,276
25.696,34.7112,276
26.4217,32.8475,276
26.2601,30.854,276
24.3605,30.2285,276
23.4125,28.4674,276
22.457,26.7105,276
20.4619,26.8508,276
18.4621,26.8798,276
16.8545,25.6901,276
15.848,23.9618,276
14.3153,22.677,276
12.3192,22.8024,276
10.3345,22.5557,276
10.3455,20.5558,276
9.09781,18.9927,276
9.19093,16.9949,276
10.726,15.7129,276
10.9404,13.7244,276
10.7188,11.7368,276
10.303,9.78045,276
8.51274,8.88888,276
8.32701,6.89753,276
6.94923,5.4478,276
5,5,276
9.04065,82.2428,277
9.89656,80.4352,277
11.4392,79.1623,277
13.2373,80.0381,277
15.1936,79.6226,277
16.283,77.9453,277
17.9582,76.8527,277
19.6762,75.8288,277
21.6507,75.5105,277
22.485,73.6928,277
21.6521,71.8746,277
23.2465,70.6671,277
24.4739,69.0881,277
24.2091,67.1057,277
23.5606,65.2137,277
24.7503,63.606,277
25.5854,61.7887,277
25.6753,59.7907,277
26.6009,58.0178,277
25.7113,56.2265,277
26.5074,54.3917,277
26.0495,52.4448,277
27.5358,51.1065,277
27.8514,49.1316,277
27.0333,47.3066,277
27.9601,45.5343,277
29.2662,44.0197,277
30.5853,42.5163,277
30.5682,40.5164,277
28.917,39.3878,277
28.5888,37.415,277
26.9488,36.2702,277
25.696,34.7112,277
26.4217,32.8475,277
26.2601,30.854,277
24.3605,30.2285,277
23.4125,28.4674,277
22.457,26.7105,277
20.4619,26.8508,277
18.4621,26.8798,277
16.8545,25.6901,277
15.848,23.9618,277
14.3153,22.677,277
12.3192,22.8024,277
10.3345,22.5557,277
10.3455,20.5558,277
9.09781,18.9927,277
9.19093,16.9949,277
10.726,15.7129,277
10.9404,13.7244,277
10.7188,11.7368,277
10.303,9.78045,277
8.51274,8.88888,277
8.32701,6.89753,277
6.94923,5.4478,277
5,5,277
15.9554,57.4748,278
17.9245,57.1249,278
19.9206,56.9995,278
21.9206,56.9994,278
23.9175,57.1108,278
25.7113,56.2265,278
26.5074,54.3917,278
26.0495,52.4448,278
27.5358,51.1065,278
27.8514,49.1316,278
27.0333,47.3066,278
27.9601,45.5343,278
29.2662,44.0197,278
30.5853,42.5163,278
30.5682,40.5164,278
28.917,39.3878,278
28.5888,37.415,278
26.9488,36.2702,278
25.696,34.7112,278
26.4217,32.8475,278
26.2601,30.854,278
24.3605,30.2285,278
23.4125,28.4674,278
22.457,26.7105,278
20.4619,26.8508,278
18.4621,26.8798,278
16.8545,25.6901,278
15.848,23.9618,278
14.3153,22.677,278
12.3192,22.8024,278
10.3345,22.5557,278
10.3455,20.5558,278
9.09781,18.9927,278
9.19093,16.9949,278
10.726,15.7129,278
10.9404,13.7244,278
10.7188,11.7368,278
10.303,9.78045,278
8.51274,8.88888,278
8.32701,6.89753,278
6.94923,5.4478,278
5,5,278
61.8123,31.4379,279
61.719,33.4357,279
60.5965,35.091,279
60,37,279
59.0695,38.8629,279
57.1519,39.4307,279
55.6279,38.1355,279
53.7057,37.5832,279
52.5523,39.2171,279
50.7336,40.0492,279
48.8354,40.6791,279
46.923,41.2644,279
45.0676,40.5178,279
43.3972,41.6178,279
41.4864,42.2082,279
39.5236,42.5921,279
37.8218,41.5414,279
36.281,40.2663,279
34.3704,40.8574,279
32.5226,40.092,279
30.5682,40.5164,279
28.917,39.3878,279
28.5888,37.415,279
26.9488,36.2702,279
25.696,34.7112,279
26.4217,32.8475,279
26.2601,30.854,279
24.3605,30.2285,279
23.4125,28.4674,279
22.457,26.7105,279
20.4619,26.8508,279
18.4621,26.8798,279
16.8545,25.6901,279
15.848,23.9618,279
14.3153,22.677,279
12.3192,22.8024,279
10.3345,22.5557,279
10.3455,20.5558,279
9.09781,18.9927,279
9.19093,16.9949,279
10.726,15.7129,279
10.9404,13.7244,279
10.7188,11.7368,279
10.303,9.78045,279
8.51274,8.88888,279
8.32701,6.89753,279
6.94923,5.4478,279
5,5,279
65.1924,60.725,280
66.937,59.747,280
66.6815,57.7634,280
67.8171,56.117,280
67.5569,54.134,280
67.1605,52.1737,280
67.8716,50.3043,280
67.2244,48.4119,280
65.9638,46.8592,280
64.7668,45.257,280
64.2266,43.3314,280
62.2431,43.5877,280
61.8293,41.631,280
60.1488,40.5467,280
59.0695,38.8629,280
57.1519,39.4307,280
55.6279,38.1355,280
53.7057,37.5832,280
52.5523,39.2171,280
50.7336,40.0492,280
48.8354,40.6791,280
46.923,41.2644,280
45.0676,40.5178,280
43.3972,41.6178,280
41.4864,42.2082,280
39.5236,42.5921,280
37.8218,41.5414,280
36.281,40.2663,280
34.3704,40.8574,280
32.5226,40.092,280
30.5682,40.5164,280
28.917,39.3878,280
28.5888,37.415,280
26.9488,36.2702,280
25.696,34.7112,280
26.4217,32.8475,280
26.2601,30.854,280
24.3605,30.2285,280
23.4125,28.4674,280
22.457,26.7105,280
20.4619,26.8508,280
18.4621,26.8798,280
16.8545,25.6901,280
15.848,23.9618,280
14.3153,22.677,280
12.3192,22.8024,280
10.3345,22.5557,280
10.3455,20.5558,280
9.09781,18.9927,280
9.19093,16.9949,280
10.726,15.7129,280
10.9404,13.7244,280
10.7188,11.7368,280
10.303,9.78045,280
8.51274,8.88888,280
8.32701,6.89753,280
6.94923,5.4478,280
5,5,280
71.0509,27.6668,281
69.7687,26.1319,281
67.8731,26.7695,281
66.6403,28.3444,281
64.6726,28.7026,281
63.4429,30.2799,281
61.8123,31.4379,281
61.719,33.4357,281
60.5965,35.091,281
60,37,281
59.0695,38.8629,281
57.1519,39.4307,281
55.6279,38.1355,281
53.7057,37.5832,281
52.5523,39.2171,281
50.7336,40.0492,281
48.8354,40.6791,281
46.923,41.2644,281
45.0676,40.5178,281
43.3972,41.6178,281
41.4864,42.2082,281
39.5236,42.5921,281
37.8218,41.5414,281
36.281,40.2663,281
34.3704,40.8574,281
32.5226,40.092,281
30.5682,40.5164,281
28.917,39.3878,281
28.5888,37.415,281
26.9488,36.2702,281
25.696,34.7112,281
26.4217,32.8475,281
26.2601,30.854,281
24.3605,30.2285,281
23.4125,28.4674,281
22.457,26.7105,281
20.4619,26.8508,281
18.4621,26.8798,281
16.8545,25.6901,281
15.848,23.9618,281
14.3153,22.677,281
12.3192,22.8024,281
10.3345,22.5557,281
10.3455,20.5558,281
9.09781,18.9927,281
9.19093,16.9949,281
10.726,15.7129,281
10.9404,13.7244,281
10.7188,11.7368,281
10.303,9.78045,281
8.51274,8.88888,281
8.32701,6.89753,281
6.94923,5.4478,281
5,5,281
76.2074,76.5189,282
74.2174,76.3192,282
72.7999,74.9083,282
73.1058,72.9318,282
71.8251,71.3956,282
72.091,69.4133,282
73.6266,68.1319,282
72.7081,66.3553,282
72.5435,64.3621,282
72.1226,62.4068,282
70.1894,61.8945,282
68.3152,61.1963,282
66.937,59.747,282
66.6815,57.7634,282
67.8171,56.117,282
67.5569,54.134,282
67.1605,52.1737,282
67.8716,50.3043,282
67.2244,48.4119,282
65.9638,46.8592,282
64.7668,45.257,282
64.2266,43.3314,282
62.2431,43.5877,282
61.8293,41.631,282
60.1488,40.5467,282
59.0695,38.8629,282
57.1519,39.4307,282
55.6279,38.1355,282
53.7057,37.5832,282
52.5523,39.2171,282
50.7336,40.0492,282
48.8354,40.6791,282
46.923,41.2644,282
45.0676,40.5178,282
43.3972,41.6178,282
41.4864,42.2082,282
39.5236,42.5921,282
37.8218,41.5414,282
36.281,40.2663,282
34.3704,40.8574,282
32.5226,40.092,282
30.5682,40.5164,282
28.917,39.3878,282
28.5888,37.415,282
26.9488,36.2702,282
25.696,34.7112,282
26.4217,32.8475,282
26.2601,30.854,282
24.3605,30.2285,282
23.4125,28.4674,282
22.457,26.7105,282
20.4619,26.8508,282
18.4621,26.8798,282
16.8545,25.6901,282
15.848,23.9618,282
14.3153,22.677,282
12.3192,22.8024,282
10.3345,22.5557,282
10.3455,20.5558,282
9.09781,18.9927,282
9.19093,16.9949,282
10.726,15.7129,282
10.9404,13.7244,282
10.7188,11.7368,282
10.303,9.78045,282
8.51274,8.88888,282
8.32701,6.89753,282
6.94923,5.4478,282
5,5,282
76.6131,78.4773,283
76.2074,76.5189,283
74.2174,76.3192,283
72.7999,74.9083,283
73.1058,72.9318,283
71.8251,71.3956,283
72.091,69.4133,283
73.6266,68.1319,283
72.7081,66.3553,283
72.5435,64.3621,283
72.1226,62.4068,283
70.1894,61.8945,283
68.3152,61.1963,283
66.937,59.747,283
66.6815,57.7634,283
67.8171,56.117,283
67.5569,54.134,283
67.1605,52.1737,283
67.8716,50.3043,283
67.2244,48.4119,283
65.9638,46.8592,283
64.7668,45.257,283
64.2266,43.3314,283
62.2431,43.5877,283
61.8293,41.631,283
60.1488,40.5467,283
59.0695,38.8629,283
57.1519,39.4307,283
55.6279,38.1355,283
53.7057,37.5832,283
52.5523,39.2171,283
50.7336,40.0492,283
48.8354,40.6791,283
46.923,41.2644,283
45.0676,40.5178,283
43.3972,41.6178,283
41.4864,42.2082,283
39.5236,42.5921,283
37.8218,41.5414,283
36.281,40.2663,283
34.3704,40.8574,283
32.5226,40.092,283
30.5682,40.5164,283
28.917,39.3878,283
28.5888,37.415,283
26.9488,36.2702,283
25.696,34.7112,283
26.4217,32.8475,283
26.2601,30.854,283
24.3605,30.2285,283
23.4125,28.4674,283
22.457,26.7105,283
20.4619,26.8508,283
18.4621,26.8798,283
16.8545,25.6901,283
15.848,23.9618,283
14.3153,22.677,283
12.3192,22.8024,283
10.3345,22.5557,283
10.3455,20.5558,283
9.09781,18.9927,283
9.19093,16.9949,283
10.726,15.7129,283
10.9404,13.7244,283
10.7188,11.7368,283
10.303,9.78045,283
8.51274,8.88888,283
8.32701,6.89753,283
6.94923,5.4478,283
5,5,283
84.5617,44.2494,284
83,43,284
80.7643,43.5173,284
79.284,42.1724,284
78.0921,40.5664,284
76.2114,41.2469,284
74.4954,42.2742,284
72.7302,41.3339,284
70.9274,42.1998,284
70.0508,43.9975,284
68.1968,43.2474,284
66.2168,43.5293,284
64.2266,43.3314,284
62.2431,43.5877,284
61.8293,41.631,284
60.1488,40.5467,284
59.0695,38.8629,284
57.1519,39.4307,284
55.6279,38.1355,284
53.7057,37.5832,284
52.5523,39.2171,284
50.7336,40.0492,284
48.8354,40.6791,284
46.923,41.2644,284
45.0676,40.5178,284
43.3972,41.6178,284
41.4864,42.2082,284
39.5236,42.5921,284
37.8218,41.5414,284
36.281,40.2663,284
34.3704,40.8574,284
32.5226,40.092,284
30.5682,40.5164,284
28.917,39.3878,284
28.5888,37.415,284
26.9488,36.2702,284
25.696,34.7112,284
26.4217,32.8475,284
26.2601,30.854,284
24.3605,30.2285,284
23.4125,28.4674,284
22.457,26.7105,284
20.4619,26.8508,284
18.4621,26.8798,284
16.8545,25.6901,284
15.848,23.9618,284
14.3153,22.677,284
12.3192,22.8024,284
10.3345,22.5557,284
10.3455,20.5558,284
9.09781,18.9927,284
9.19093,16.9949,284
10.726,15.7129,284
10.9404,13.7244,284
10.7188,11.7368,284
10.303,9.78045,284
8.51274,8.88888,284
8.32701,6.89753,284
6.94923,5.4478,284
5,5,284
68.1674,69.9703,285
70.1674,69.9607,285
72.091,69.4133,285
73.6266,68.1319,285
72.7081,66.3553,285
72.5435,64.3621,285
72.1226,62.4068,285
70.1894,61.8945,285
68.3152,61.1963,285
66.937,59.747,285
66.6815,57.7634,285
67.8171,56.117,285
67.5569,54.134,285
67.1605,52.1737,285
67.8716,50.3043,285
67.2244,48.4119,285
65.9638,46.8592,285
64.7668,45.257,285
64.2266,43.3314,285
62.2431,43.5877,285
61.8293,41.631,285
60.1488,40.5467,285
59.0695,38.8629,285
57.1519,39.4307,285
55.6279,38.1355,285
53.7057,37.5832,285
52.5523,39.2171,285
50.7336,40.0492,285
48.8354,40.6791,285
46.923,41.2644,285
45.0676,40.5178,285
43.3972,41.6178,285
41.4864,42.2082,285
39.5236,42.5921,285
37.8218,41.5414,285
36.281,40.2663,285
34.3704,40.8574,285
32.5226,40.092,285
30.5682,40.5164,285
28.917,39.3878,285
28.5888,37.415,285
26.9488,36.2702,285
25.696,34.7112,285
26.4217,32.8475,285
26.2601,30.854,285
24.3605,30.2285,285
23.4125,28.4674,285
22.457,26.7105,285
20.4619,26.8508,285
18.4621,26.8798,285
16.8545,25.6901,285
15.848,23.9618,285
14.3153,22.677,285
12.3192,22.8024,285
10.3345,22.5557,285
10.3455,20.5558,285
9.09781,18.9927,285
9.19093,16.9949,285
10.726,15.7129,285
10.9404,13.7244,285
10.7188,11.7368,285
10.303,9.78045,285
8.51274,8.88888,285
8.32701,6.89753,285
6.94923,5.4478,285
5,5,285
9.75353,84.1114,286
9.04065,82.2428,286
9.89656,80.4352,286
11.4392,79.1623,286
13.2373,80.0381,286
15.1936,79.6226,286
16.283,77.9453,286
17.9582,76.8527,286
19.6762,75.8288,286
21.6507,75.5105,286
22.485,73.6928,286
21.6521,71.8746,286
23.2465,70.6671,286
24.4739,69.0881,286
24.2091,67.1057,286
23.5606,65.2137,286
24.7503,63.606,286
25.5854,61.7887,286
25.6753,59.7907,286
26.6009,58.0178,286
25.7113,56.2265,286
26.5074,54.3917,286
26.0495,52.4448,286
27.5358,51.1065,286
27.8514,49.1316,286
27.0333,47.3066,286
27.9601,45.5343,286
29.2662,44.0197,286
30.5853,42.5163,286
30.5682,40.5164,286
28.917,39.3878,286
28.5888,37.415,286
26.9488,36.2702,286
25.696,34.7112,286
26.4217,32.8475,286
26.2601,30.854,286
24.3605,30.2285,286
23.4125,28.4674,286
22.457,26.7105,286
20.4619,26.8508,286
18.4621,26.8798,286
16.8545,25.6901,286
15.848,23.9618,286
14.3153,22.677,286
12.3192,22.8024,286
10.3345,22.5557,286
10.3455,20.5558,286
9.09781,18.9927,286
9.19093,16.9949,286
10.726,15.7129,286
10.9404,13.7244,286
10.7188,11.7368,286
10.303,9.78045,286
8.51274,8.88888,286
8.32701,6.89753,286
6.94923,5.4478,286
5,5,286
28.324,55.2282,287
26.5074,54.3917,287
26.0495,52.4448,287
27.5358,51.1065,287
27.8514,49.1316,287
27.0333,47.3066,287
27.9601,45.5343,287
29.2662,44.0197,287
30.5853,42.5163,287
30.5682,40.5164,287
28.917,39.3878,287
28.5888,37.415,287
26.9488,36.2702,287
25.696,34.7112,287
26.4217,32.8475,287
26.2601,30.854,287
24.3605,30.2285,287
23.4125,28.4674,287
22.457,26.7105,287
20.4619,26.8508,287
18.4621,26.8798,287
16.8545,25.6901,287
15.848,23.9618,287
14.3153,22.677,287
12.3192,22.8024,287
10.3345,22.5557,287
10.3455,20.5558,287
9.09781,18.9927,287
9.19093,16.9949,287
10.726,15.7129,287
10.9404,13.7244,287
10.7188,11.7368,287
10.303,9.78045,287
8.51274,8.88888,287
8.32701,6.89753,287
6.94923,5.4478,287
5,5,287
63.4578,61.7205,288
65.1924,60.725,288
66.937,59.747,288
66.6815,57.7634,288
67.8171,56.117,288
67.5569,54.134,288
67.1605,52.1737,288
67.8716,50.3043,288
67.2244,48.4119,288
65.9638,46.8592,288
64.7668,45.257,288
64.2266,43.3314,288
62.2431,43.5877,288
61.8293,41.631,288
60.1488,40.5467,288
59.0695,38.8629,288
57.1519,39.4307,288
55.6279,38.1355,288
53.7057,37.5832,288
52.5523,39.2171,288
50.7336,40.0492,288
48.8354,40.6791,288
46.923,41.2644,288
45.0676,40.5178,288
43.3972,41.6178,288
41.4864,42.2082,288
39.5236,42.5921,288
37.8218,41.5414,288
36.281,40.2663,288
34.3704,40.8574,288
32.5226,40.092,288
30.5682,40.5164,288
28.917,39.3878,288
28.5888,37.415,288
26.9488,36.2702,288
25.696,34.7112,288
26.4217,32.8475,288
26.2601,30.854,288
24.3605,30.2285,288
23.4125,28.4674,288
22.457,26.7105,288
20.4619,26.8508,288
18.4621,26.8798,288
16.8545,25.6901,288
15.848,23.9618,288
14.3153,22.677,288
12.3192,22.8024,288
10.3345,22.5557,288
10.3455,20.5558,288
9.09781,18.9927,288
9.19093,16.9949,288
10.726,15.7129,288
10.9404,13.7244,288
10.7188,11.7368,288
10.303,9.78045,288
8.51274,8.88888,288
8.32701,6.89753,288
6.94923,5.4478,288
5,5,288
86.3771,45.0887,289
84.5617,44.2494,289
83,43,289
80.7643,43.5173,289
79.284,42.1724,289
78.0921,40.5664,289
76.2114,41.2469,289
74.4954,42.2742,289
72.7302,41.3339,289
70.9274,42.1998,289
70.0508,43.9975,289
68.1968,43.2474,289
66.2168,43.5293,289
64.2266,43.3314,289
62.2431,43.5877,289
61.8293,41.631,289
60.1488,40.5467,289
59.0695,38.8629,289
57.1519,39.4307,289
55.6279,38.1355,289
53.7057,37.5832,289
52.5523,39.2171,289
50.7336,40.0492,289
48.8354,40.6791,289
46.923,41.2644,289
45.0676,40.5178,289
43.3972,41.6178,289
41.4864,42.2082,289
39.5236,42.5921,289
37.8218,41.5414,289
36.281,40.2663,289
34.3704,40.8574,289
32.5226,40.092,289
30.5682,40.5164,289
28.917,39.3878,289
28.5888,37.415,289
26.9488,36.2702,289
25.696,34.7112,289
26.4217,32.8475,289
26.2601,30.854,289
24.3605,30.2285,289
23.4125,28.4674,289
22.457,26.7105,289
20.4619,26.8508,289
18.4621,26.8798,289
16.8545,25.6901,289
15.848,23.9618,289
14.3153,22.677,289
12.3192,22.8024,289
10.3345,22.5557,289
10.3455,20.5558,289
9.09781,18.9927,289
9.19093,16.9949,289
10.726,15.7129,289
10.9404,13.7244,289
10.7188,11.7368,289
10.303,9.78045,289
8.51274,8.88888,289
8.32701,6.89753,289
6.94923,5.4478,289
5,5,289
7.19809,19.6181,290
9.09781,18.9927,290
9.19093,16.9949,290
10.726,15.7129,290
10.9404,13.7244,290
10.7188,11.7368,290
10.303,9.78045,290
8.51274,8.88888,290
8.32701,6.89753,290
6.94923,5.4478,290
5,5,290
71.3453,24.9014,291
69.7687,26.1319,291
67.8731,26.7695,291
66.6403,28.3444,291
64.6726,28.7026,291
63.4429,30.2799,291
61.8123,31.4379,291
61.719,33.4357,291
60.5965,35.091,291
60,37,291
59.0695,38.8629,291
57.1519,39.4307,291
55.6279,38.1355,291
53.7057,37.5832,291
52.5523,39.2171,291
50.7336,40.0492,291
48.8354,40.6791,291
46.923,41.2644,291
45.0676,40.5178,291
43.3972,41.6178,291
41.4864,42.2082,291
39.5236,42.5921,291
37.8218,41.5414,291
36.281,40.2663,291
34.3704,40.8574,291
32.5226,40.092,291
30.5682,40.5164,291
28.917,39.3878,291
28.5888,37.415,291
26.9488,36.2702,291
25.696,34.7112,291
26.4217,32.8475,291
26.2601,30.854,291
24.3605,30.2285,291
23.4125,28.4674,291
22.457,26.7105,291
20.4619,26.8508,291
18.4621,26.8798,291
16.8545,25.6901,291
15.848,23.9618,291
14.3153,22.677,291
12.3192,22.8024,291
10.3345,22.5557,291
10.3455,20.5558,291
9.09781,18.9927,291
9.19093,16.9949,291
10.726,15.7129,291
10.9404,13.7244,291
10.7188,11.7368,291
10.303,9.78045,291
8.51274,8.88888,291
8.32701,6.89753,291
6.94923,5.4478,291
5,5,291
82.0145,36.775,292
81.6103,38.7337,292
79.9698,39.8778,292
78.0921,40.5664,292
76.2114,41.2469,292
74.4954,42.2742,292
72.7302,41.3339,292
70.9274,42.1998,292
70.0508,43.9975,292
68.1968,43.2474,292
66.2168,43.5293,292
64.2266,43.3314,292
62.2431,43.5877,292
61.8293,41.631,292
60.1488,40.5467,292
59.0695,38.8629,292
57.1519,39.4307,292
55.6279,38.1355,292
53.7057,37.5832,292
52.5523,39.2171,292
50.7336,40.0492,292
48.8354,40.6791,292
46.923,41.2644,292
45.0676,40.5178,292
43.3972,41.6178,292
41.4864,42.2082,292
39.5236,42.5921,292
37.8218,41.5414,292
36.281,40.2663,292
34.3704,40.8574,292
32.5226,40.092,292
30.5682,40.5164,292
28.917,39.3878,292
28.5888,37.415,292
26.9488,36.2702,292
25.696,34.7112,292
26.4217,32.8475,292
26.2601,30.854,292
24.3605,30.2285,292
23.4125,28.4674,292
22.457,26.7105,292
20.4619,26.8508,292
18.4621,26.8798,292
16.8545,25.6901,292
15.848,23.9618,292
14.3153,22.677,292
12.3192,22.8024,292
10.3345,22.5557,292
10.3455,20.5558,292
9.09781,18.9927,292
9.19093,16.9949,292
10.726,15.7129,292
10.9404,13.7244,292
10.7188,11.7368,292
10.303,9.78045,292
8.51274,8.88888,292
8.32701,6.89753,292
6.94923,5.4478,292
5,5,292
81.6685,34.8052,293
82.0145,36.775,293
81.6103,38.7337,293
79.9698,39.8778,293
78.0921,40.5664,293
76.2114,41.2469,293
74.4954,42.2742,293
72.7302,41.3339,293
70.9274,42.1998,293
70.0508,43.9975,293
68.1968,43.2474,293
66.2168,43.5293,293
64.2266,43.3314,293
62.2431,43.5877,293
61.8293,41.631,293
60.1488,40.5467,293
59.0695,38.8629,293
57.1519,39.4307,293
55.6279,38.1355,293
53.7057,37.5832,293
52.5523,39.2171,293
50.7336,40.0492,293
48.8354,40.6791,293
46.923,41.2644,293
45.0676,40.5178,293
43.3972,41.6178,293
41.4864,42.2082,293
39.5236,42.5921,293
37.8218,41.5414,293
36.281,40.2663,293
34.3704,40.8574,293
32.5226,40.092,293
30.5682,40.5164,293
28.917,39.3878,293
28.5888,37.415,293
26.9488,36.2702,293
25.696,34.7112,293
26.4217,32.8475,293
26.2601,30.854,293
24.3605,30.2285,293
23.4125,28.4674,293
22.457,26.7105,293
20.4619,26.8508,293
18.4621,26.8798,293
16.8545,25.6901,293
15.848,23.9618,293
14.3153,22.677,293
12.3192,22.8024,293
10.3345,22.5557,293
10.3455,20.5558,293
9.09781,18.9927,293
9.19093,16.9949,293
10.726,15.7129,293
10.9404,13.7244,293
10.7188,11.7368,293
10.303,9.78045,293
8.51274,8.88888,293
8.32701,6.89753,293
6.94923,5.4478,293
5,5,293
27.7258,24.0682,294
25.8045,24.6238,294
24.3062,25.9485,294
22.457,26.7105,294
20.4619,26.8508,294
18.4621,26.8798,294
16.8545,25.6901,294
15.848,23.9618,294
14.3153,22.677,294
12.3192,22.8024,294
10.3345,22.5557,294
10.3455,20.5558,294
9.09781,18.9927,294
9.19093,16.9949,294
10.726,15.7129,294
10.9404,13.7244,294
10.7188,11.7368,294
10.303,9.78045,294
8.51274,8.88888,294
8.32701,6.89753,294
6.94923,5.4478,294
5,5,294
72.7999,74.9083,295
73.1058,72.9318,295
71.8251,71.3956,295
72.091,69.4133,295
73.6266,68.1319,295
72.7081,66.3553,295
72.5435,64.3621,295
72.1226,62.4068,295
70.1894,61.8945,295
68.3152,61.1963,295
66.937,59.747,295
66.6815,57.7634,295
67.8171,56.117,295
67.5569,54.134,295
67.1605,52.1737,295
67.8716,50.3043,295
67.2244,48.4119,295
65.9638,46.8592,295
64.7668,45.257,295
64.2266,43.3314,295
62.2431,43.5877,295
61.8293,41.631,295
60.1488,40.5467,295
59.0695,38.8629,295
57.1519,39.4307,295
55.6279,38.1355,295
53.7057,37.5832,295
52.5523,39.2171,295
50.7336,40.0492,295
48.8354,40.6791,295
46.923,41.2644,295
45.0676,40.5178,295
43.3972,41.6178,295
41.4864,42.2082,295
39.5236,42.5921,295
37.8218,41.5414,295
36.281,40.2663,295
34.3704,40.8574,295
32.5226,40.092,295
30.5682,40.5164,295
28.917,39.3878,295
28.5888,37.415,295
26.9488,36.2702,295
25.696,34.7112,295
26.4217,32.8475,295
26.2601,30.854,295
24.3605,30.2285,295
23.4125,28.4674,295
22.457,26.7105,295
20.4619,26.8508,295
18.4621,26.8798,295
16.8545,25.6901,295
15.848,23.9618,295
14.3153,22.677,295
12.3192,22.8024,295
10.3345,22.5557,295
10.3455,20.5558,295
9.09781,18.9927,295
9.19093,16.9949,295
10.726,15.7129,295
10.9404,13.7244,295
10.7188,11.7368,295
10.303,9.78045,295
8.51274,8.88888,295
8.32701,6.89753,295
6.94923,5.4478,295
5,5,295
71.4756,76.4071,296
72.7999,74.9083,296
73.1058,72.9318,296
71.8251,71.3956,296
72.091,69.4133,296
73.6266,68.1319,296
72.7081,66.3553,296
72.5435,64.3621,296
72.1226,62.4068,296
70.1894,61.8945,296
68.3152,61.1963,296
66.937,59.747,296
66.6815,57.7634,296
67.8171,56.117,296
67.5569,54.134,296
67.1605,52.1737,296
67.8716,50.3043,296
67.2244,48.4119,296
65.9638,46.8592,296
64.7668,45.257,296
64.2266,43.3314,296
62.2431,43.5877,296
61.8293,41.631,296
60.1488,40.5467,296
59.0695,38.8629,296
57.1519,39.4307,296
55.6279,38.1355,296
53.7057,37.5832,296
52.5523,39.2171,296
50.7336,40.0492,296
48.8354,40.6791,296
46.923,41.2644,296
45.0676,40.5178,296
43.3972,41.6178,296
41.4864,42.2082,296
39.5236,42.5921,296
37.8218,41.5414,296
36.281,40.2663,296
34.3704,40.8574,296
32.5226,40.092,296
30.5682,40.5164,296
28.917,39.3878,296
28.5888,37.415,296
26.9488,36.2702,296
25.696,34.7112,296
26.4217,32.8475,296
26.2601,30.854,296
24.3605,30.2285,296
23.4125,28.4674,296
22.457,26.7105,296
20.4619,26.8508,296
18.4621,26.8798,296
16.8545,25.6901,296
15.848,23.9618,296
14.3153,22.677,296
12.3192,22.8024,296
10.3345,22.5557,296
10.3455,20.5558,296
9.09781,18.9927,296
9.19093,16.9949,296
10.726,15.7129,296
10.9404,13.7244,296
10.7188,11.7368,296
10.303,9.78045,296
8.51274,8.88888,296
8.32701,6.89753,296
6.94923,5.4478,296
5,5,296
14.3153,22.677,297
12.3192,22.8024,297
10.3345,22.5557,297
10.3455,20.5558,297
9.09781,18.9927,297
9.19093,16.9949,297
10.726,15.7129,297
10.9404,13.7244,297
10.7188,11.7368,297
10.303,9.78045,297
8.51274,8.88888,297
8.32701,6.89753,297
6.94923,5.4478,297
5,5,297
82.1425,10.5053,298
80.438,11.5515,298
78.8902,12.8181,298
77.2046,13.8946,298
75.2729,14.4126,298
74.309,16.165,298
73.718,18.0757,298
72.5262,19.6819,298
72.916,21.6435,298
72.9002,23.6434,298
71.3453,24.9014,298
69.7687,26.1319,298
67.8731,26.7695,298
66.6403,28.3444,298
64.6726,28.7026,298
63.4429,30.2799,298
61.8123,31.4379,298
61.719,33.4357,298
60.5965,35.091,298
60,37,298
59.0695,38.8629,298
57.1519,39.4307,298
55.6279,38.1355,298
53.7057,37.5832,298
52.5523,39.2171,298
50.7336,40.0492,298
48.8354,40.6791,298
46.923,41.2644,298
45.0676,40.5178,298
43.3972,41.6178,298
41.4864,42.2082,298
39.5236,42.5921,298
37.8218,41.5414,298
36.281,40.2663,298
34.3704,40.8574,298
32.5226,40.092,298
30.5682,40.5164,298
28.917,39.3878,298
28.5888,37.415,298
26.9488,36.2702,298
25.696,34.7112,298
26.4217,32.8475,298
26.2601,30.854,298
24.3605,30.2285,298
23.4125,28.4674,298
22.457,26.7105,298
20.4619,26.8508,298
18.4621,26.8798,298
16.8545,25.6901,298
15.848,23.9618,298
14.3153,22.677,298
12.3192,22.8024,298
10.3345,22.5557,298
10.3455,20.5558,298
9.09781,18.9927,298
9.19093,16.9949,298
10.726,15.7129,298
10.9404,13.7244,298
10.7188,11.7368,298
10.303,9.78045,298
8.51274,8.88888,298
8.32701,6.89753,298
6.94923,5.4478,298
5,5,298
8.51274,8.88888,299
8.32701,6.89753,299
6.94923,5.4478,299
5,5,299
75.4865,68.8672,300
73.6266,68.1319,300
72.7081,66.3553,300
72.5435,64.3621,300
72.1226,62.4068,300
70.1894,61.8945,300
68.3152,61.1963,300
66.937,59.747,300
66.6815,57.7634,300
67.8171,56.117,300
67.5569,54.134,300
67.1605,52.1737,300
67.8716,50.3043,300
67.2244,48.4119,300
65.9638,46.8592,300
64.7668,45.257,300
64.2266,43.3314,300
62.2431,43.5877,300
61.8293,41.631,300
60.1488,40.5467,300
59.0695,38.8629,300
57.1519,39.4307,300
55.6279,38.1355,300
53.7057,37.5832,300
52.5523,39.2171,300
50.7336,40.0492,300
48.8354,40.6791,300
46.923,41.2644,300
45.0676,40.5178,300
43.3972,41.6178,300
41.4864,42.2082,300
39.5236,42.5921,300
37.8218,41.5414,300
36.281,40.2663,300
34.3704,40.8574,300
32.5226,40.092,300
30.5682,40.5164,300
28.917,39.3878,300
28.5888,37.415,300
26.9488,36.2702,300
25.696,34.7112,300
26.4217,32.8475,300
26.2601,30.854,300
24.3605,30.2285,300
23.4125,28.4674,300
22.457,26.7105,300
20.4619,26.8508,300
18.4621,26.8798,300
16.8545,25.6901,300
15.848,23.9618,300
14.3153,22.677,300
12.3192,22.8024,300
10.3345,22.5557,300
10.3455,20.5558,300
9.09781,18.9927,300
9.19093,16.9949,300
10.726,15.7129,300
10.9404,13.7244,300
10.7188,11.7368,300
10.303,9.78045,300
8.51274,8.88888,300
8.32701,6.89753,300
6.94923,5.4478,300
5,5,300
8.45285,85.6307,301
9.75353,84.1114,301
9.04065,82.2428,301
9.89656,80.4352,301
11.4392,79.1623,301
13.2373,80.0381,301
15.1936,79.6226,301
16.283,77.9453,301
17.9582,76.8527,301
19.6762,75.8288,301
21.6507,75.5105,301
22.485,73.6928,301
21.6521,71.8746,301
23.2465,70.6671,301
24.4739,69.0881,301
24.2091,67.1057,301
23.5606,65.2137,301
24.7503,63.606,301
25.5854,61.7887,301
25.6753,59.7907,301
26.6009,58.0178,301
25.7113,56.2265,301
26.5074,54.3917,301
26.0495,52.4448,301
27.5358,51.1065,301
27.8514,49.1316,301
27.0333,47.3066,301
27.9601,45.5343,301
29.2662,44.0197,301
30.5853,42.5163,301
30.5682,40.5164,301
28.917,39.3878,301
28.5888,37.415,301
26.9488,36.2702,301
25.696,34.7112,301
26.4217,32.8475,301
26.2601,30.854,301
24.3605,30.2285,301
23.4125,28.4674,301
22.457,26.7105,301
20.4619,26.8508,301
18.4621,26.8798,301
16.8545,25.6901,301
15.848,23.9618,301
14.3153,22.677,301
12.3192,22.8024,301
10.3345,22.5557,301
10.3455,20.5558,301
9.09781,18.9927,301
9.19093,16.9949,301
10.726,15.7129,301
10.9404,13.7244,301
10.7188,11.7368,301
10.303,9.78045,301
8.51274,8.88888,301
8.32701,6.89753,301
6.94923,5.4478,301
5,5,301
38.6909,87.7161,302
36.8531,86.9272,302
34.9169,86.4262,302
33.4301,85.0885,302
32.5248,83.3051,302
31.0767,81.9256,302
30.7621,79.9505,302
31.8891,78.2982,302
30.9632,76.5254,302
31.2366,74.5442,302
31.6129,72.5799,302
29.7145,71.9507,302
27.8831,71.1468,302
26.0822,70.2769,302
24.4739,69.0881,302
24.2091,67.1057,302
23.5606,65.2137,302
24.7503,63.606,302
25.5854,61.7887,302
25.6753,59.7907,302
26.6009,58.0178,302
25.7113,56.2265,302
26.5074,54.3917,302
26.0495,52.4448,302
27.5358,51.1065,302
27.8514,49.1316,302
27.0333,47.3066,302
27.9601,45.5343,302
29.2662,44.0197,302
30.5853,42.5163,302
30.5682,40.5164,302
28.917,39.3878,302
28.5888,37.415,302
26.9488,36.2702,302
25.696,34.7112,302
26.4217,32.8475,302
26.2601,30.854,302
24.3605,30.2285,302
23.4125,28.4674,302
22.457,26.7105,302
20.4619,26.8508,302
18.4621,26.8798,302
16.8545,25.6901,302
15.848,23.9618,302
14.3153,22.677,302
12.3192,22.8024,302
10.3345,22.5557,302
10.3455,20.5558,302
9.09781,18.9927,302
9.19093,16.9949,302
10.726,15.7129,302
10.9404,13.7244,302
10.7188,11.7368,302
10.303,9.78045,302
8.51274,8.88888,302
8.32701,6.89753,302
6.94923,5.4478,302
5,5,302
38.6036,65.3185,303
36.6427,64.9251,303
34.643,64.8907,303
32.7048,65.3841,303
30.9117,64.4982,303
29.1365,63.5769,303
27.2625,62.8783,303
25.5854,61.7887,303
25.6753,59.7907,303
26.6009,58.0178,303
25.7113,56.2265,303
26.5074,54.3917,303
26.0495,52.4448,303
27.5358,51.1065,303
27.8514,49.1316,303
27.0333,47.3066,303
27.9601,45.5343,303
29.2662,44.0197,303
30.5853,42.5163,303
30.5682,40.5164,303
28.917,39.3878,303
28.5888,37.415,303
26.9488,36.2702,303
25.696,34.7112,303
26.4217,32.8475,303
26.2601,30.854,303
24.3605,30.2285,303
23.4125,28.4674,303
22.457,26.7105,303
20.4619,26.8508,303
18.4621,26.8798,303
16.8545,25.6901,303
15.848,23.9618,303
14.3153,22.677,303
12.3192,22.8024,303
10.3345,22.5557,303
10.3455,20.5558,303
9.09781,18.9927,303
9.19093,16.9949,303
10.726,15.7129,303
10.9404,13.7244,303
10.7188,11.7368,303
10.303,9.78045,303
8.51274,8.88888,303
8.32701,6.89753,303
6.94923,5.4478,303
5,5,303
78.4082,79.3591,304
76.6131,78.4773,304
76.2074,76.5189,304
74.2174,76.3192,304
72.7999,74.9083,304
73.1058,72.9318,304
71.8251,71.3956,304
72.091,69.4133,304
73.6266,68.1319,304
72.7081,66.3553,304
72.5435,64.3621,304
72.1226,62.4068,304
70.1894,61.8945,304
68.3152,61.1963,304
66.937,59.747,304
66.6815,57.7634,304
67.8171,56.117,304
67.5569,54.134,304
67.1605,52.1737,304
67.8716,50.3043,304
67.2244,48.4119,304
65.9638,46.8592,304
64.7668,45.257,304
64.2266,43.3314,304
62.2431,43.5877,304
61.8293,41.631,304
60.1488,40.5467,304
59.0695,38.8629,304
57.1519,39.4307,304
55.6279,38.1355,304
53.7057,37.5832,304
52.5523,39.2171,304
50.7336,40.0492,304
48.8354,40.6791,304
46.923,41.2644,304
45.0676,40.5178,304
43.3972,41.6178,304
41.4864,42.2082,304
39.5236,42.5921,304
37.8218,41.5414,304
36.281,40.2663,304
34.3704,40.8574,304
32.5226,40.092,304
30.5682,40.5164,304
28.917,39.3878,304
28.5888,37.415,304
26.9488,36.2702,304
25.696,34.7112,304
26.4217,32.8475,304
26.2601,30.854,304
24.3605,30.2285,304
23.4125,28.4674,304
22.457,26.7105,304
20.4619,26.8508,304
18.4621,26.8798,304
16.8545,25.6901,304
15.848,23.9618,304
14.3153,22.677,304
12.3192,22.8024,304
10.3345,22.5557,304
10.3455,20.5558,304
9.09781,18.9927,304
9.19093,16.9949,304
10.726,15.7129,304
10.9404,13.7244,304
10.7188,11.7368,304
10.303,9.78045,304
8.51274,8.88888,304
8.32701,6.89753,304
6.94923,5.4478,304
5,5,304
86.3771,45.0887,305
84.5617,44.2494,305
83,43,305
80.7643,43.5173,305
79.284,42.1724,305
78.0921,40.5664,305
76.2114,41.2469,305
74.4954,42.2742,305
72.7302,41.3339,305
70.9274,42.1998,305
70.0508,43.9975,305
68.1968,43.2474,305
66.2168,43.5293,305
64.2266,43.3314,305
62.2431,43.5877,305
61.8293,41.631,305
60.1488,40.5467,305
59.0695,38.8629,305
57.1519,39.4307,305
55.6279,38.1355,305
53.7057,37.5832,305
52.5523,39.2171,305
50.7336,40.0492,305
48.8354,40.6791,305
46.923,41.2644,305
45.0676,40.5178,305
43.3972,41.6178,305
41.4864,42.2082,305
39.5236,42.5921,305
37.8218,41.5414,305
36.281,40.2663,305
34.3704,40.8574,305
32.5226,40.092,305
30.5682,40.5164,305
28.917,39.3878,305
28.5888,37.415,305
26.9488,36.2702,305
25.696,34.7112,305
26.4217,32.8475,305
26.2601,30.854,305
24.3605,30.2285,305
23.4125,28.4674,305
22.457,26.7105,305
20.4619,26.8508,305
18.4621,26.8798,305
16.8545,25.6901,305
15.848,23.9618,305
14.3153,22.677,305
12.3192,22.8024,305
10.3345,22.5557,305
10.3455,20.5558,305
9.09781,18.9927,305
9.19093,16.9949,305
10.726,15.7129,305
10.9404,13.7244,305
10.7188,11.7368,305
10.303,9.78045,305
8.51274,8.88888,305
8.32701,6.89753,305
6.94923,5.4478,305
5,5,305
88.1098,44.0898,306
86.3771,45.0887,306
84.5617,44.2494,306
83,43,306
80.7643,43.5173,306
79.284,42.1724,306
78.0921,40.5664,306
76.2114,41.2469,306
74.4954,42.2742,306
72.7302,41.3339,306
70.9274,42.1998,306
70.0508,43.9975,306
68.1968,43.2474,306
66.2168,43.5293,306
64.2266,43.3314,306
62.2431,43.5877,306
61.8293,41.631,306
60.1488,40.5467,306
59.0695,38.8629,306
57.1519,39.4307,306
55.6279,38.1355,306
53.7057,37.5832,306
52.5523,39.2171,306
50.7336,40.0492,306
48.8354,40.6791,306
46.923,41.2644,306
45.0676,40.5178,306
43.3972,41.6178,306
41.4864,42.2082,306
39.5236,42.5921,306
37.8218,41.5414,306
36.281,40.2663,306
34.3704,40.8574,306
32.5226,40.092,306
30.5682,40.5164,306
28.917,39.3878,306
28.5888,37.415,306
26.9488,36.2702,306
25.696,34.7112,306
26.4217,32.8475,306
26.2601,30.854,306
24.3605,30.2285,306
23.4125,28.4674,306
22.457,26.7105,306
20.4619,26.8508,306
18.4621,26.8798,306
16.8545,25.6901,306
15.848,23.9618,306
14.3153,22.677,306
12.3192,22.8024,306
10.3345,22.5557,306
10.3455,20.5558,306
9.09781,18.9927,306
9.19093,16.9949,306
10.726,15.7129,306
10.9404,13.7244,306
10.7188,11.7368,306
10.303,9.78045,306
8.51274,8.88888,306
8.32701,6.89753,306
6.94923,5.4478,306
5,5,306
9.759,29.7861,307
8.7454,28.0619,307
10.0405,26.5379,307
10.0692,24.5381,307
10.3345,22.5557,307
10.3455,20.5558,307
9.09781,18.9927,307
9.19093,16.9949,307
10.726,15.7129,307
10.9404,13.7244,307
10.7188,11.7368,307
10.303,9.78045,307
8.51274,8.88888,307
8.32701,6.89753,307
6.94923,5.4478,307
5,5,307
7.3489,32.8337,308
8.92674,31.6047,308
9.759,29.7861,308
8.7454,28.0619,308
10.0405,26.5379,308
10.0692,24.5381,308
10.3345,22.5557,308
10.3455,20.5558,308
9.09781,18.9927,308
9.19093,16.9949,308
10.726,15.7129,308
10.9404,13.7244,308
10.7188,11.7368,308
10.303,9.78045,308
8.51274,8.88888,308
8.32701,6.89753,308
6.94923,5.4478,308
5,5,308
24.4817,16.9061,309
25.3902,18.6879,309
25.2086,20.6796,309
25.6535,22.6295,309
25.8045,24.6238,309
24.3062,25.9485,309
22.457,26.7105,309
20.4619,26.8508,309
18.4621,26.8798,309
16.8545,25.6901,309
15.848,23.9618,309
14.3153,22.677,309
12.3192,22.8024,309
10.3345,22.5557,309
10.3455,20.5558,309
9.09781,18.9927,309
9.19093,16.9949,309
10.726,15.7129,309
10.9404,13.7244,309
10.7188,11.7368,309
10.303,9.78045,309
8.51274,8.88888,309
8.32701,6.89753,309
6.94923,5.4478,309
5,5,309
83.3094,33.6618,310
81.6685,34.8052,310
82.0145,36.775,310
81.6103,38.7337,310
79.9698,39.8778,310
78.0921,40.5664,310
76.2114,41.2469,310
74.4954,42.2742,310
72.7302,41.3339,310
70.9274,42.1998,310
70.0508,43.9975,310
68.1968,43.2474,310
66.2168,43.5293,310
64.2266,43.3314,310
62.2431,43.5877,310
61.8293,41.631,310
60.1488,40.5467,310
59.0695,38.8629,310
57.1519,39.4307,310
55.6279,38.1355,310
53.7057,37.5832,310
52.5523,39.2171,310
50.7336,40.0492,310
48.8354,40.6791,310
46.923,41.2644,310
45.0676,40.5178,310
43.3972,41.6178,310
41.4864,42.2082,310
39.5236,42.5921,310
37.8218,41.5414,310
36.281,40.2663,310
34.3704,40.8574,310
32.5226,40.092,310
30.5682,40.5164,310
28.917,39.3878,310
28.5888,37.415,310
26.9488,36.2702,310
25.696,34.7112,310
26.4217,32.8475,310
26.2601,30.854,310
24.3605,30.2285,310
23.4125,28.4674,310
22.457,26.7105,310
20.4619,26.8508,310
18.4621,26.8798,310
16.8545,25.6901,310
15.848,23.9618,310
14.3153,22.677,310
12.3192,22.8024,310
10.3345,22.5557,310
10.3455,20.5558,310
9.09781,18.9927,310
9.19093,16.9949,310
10.726,15.7129,310
10.9404,13.7244,310
10.7188,11.7368,310
10.303,9.78045,310
8.51274,8.88888,310
8.32701,6.89753,310
6.94923,5.4478,310
5,5,310
10.7001,77.3039,311
11.4392,79.1623,311
13.2373,80.0381,311
15.1936,79.6226,311
16.283,77.9453,311
17.9582,76.8527,311
19.6762,75.8288,311
21.6507,75.5105,311
22.485,73.6928,311
21.6521,71.8746,311
23.2465,70.6671,311
24.4739,69.0881,311
24.2091,67.1057,311
23.5606,65.2137,311
24.7503,63.606,311
25.5854,61.7887,311
25.6753,59.7907,311
26.6009,58.0178,311
25.7113,56.2265,311
26.5074,54.3917,311
26.0495,52.4448,311
27.5358,51.1065,311
27.8514,49.1316,311
27.0333,47.3066,311
27.9601,45.5343,311
29.2662,44.0197,311
30.5853,42.5163,311
30.5682,40.5164,311
28.917,39.3878,311
28.5888,37.415,311
26.9488,36.2702,311
25.696,34.7112,311
26.4217,32.8475,311
26.2601,30.854,311
24.3605,30.2285,311
23.4125,28.4674,311
22.457,26.7105,311
20.4619,26.8508,311
18.4621,26.8798,311
16.8545,25.6901,311
15.848,23.9618,311
14.3153,22.677,311
12.3192,22.8024,311
10.3345,22.5557,311
10.3455,20.5558,311
9.09781,18.9927,311
9.19093,16.9949,311
10.726,15.7129,311
10.9404,13.7244,311
10.7188,11.7368,311
10.303,9.78045,311
8.51274,8.88888,311
8.32701,6.89753,311
6.94923,5.4478,311
5,5,311
16.8545,25.6901,312
15.848,23.9618,312
14.3153,22.677,312
12.3192,22.8024,312
10.3345,22.5557,312
10.3455,20.5558,312
9.09781,18.9927,312
9.19093,16.9949,312
10.726,15.7129,312
10.9404,13.7244,312
10.7188,11.7368,312
10.303,9.78045,312
8.51274,8.88888,312
8.32701,6.89753,312
6.94923,5.4478,312
5,5,312
25.0464,47.535,313
27.0333,47.3066,313
27.9601,45.5343,313
29.2662,44.0197,313
30.5853,42.5163,313
30.5682,40.5164,313
28.917,39.3878,313
28.5888,37.415,313
26.9488,36.2702,313
25.696,34.7112,313
26.4217,32.8475,313
26.2601,30.854,313
24.3605,30.2285,313
23.4125,28.4674,313
22.457,26.7105,313
20.4619,26.8508,313
18.4621,26.8798,313
16.8545,25.6901,313
15.848,23.9618,313
14.3153,22.677,313
12.3192,22.8024,313
10.3345,22.5557,313
10.3455,20.5558,313
9.09781,18.9927,313
9.19093,16.9949,313
10.726,15.7129,313
10.9404,13.7244,313
10.7188,11.7368,313
10.303,9.78045,313
8.51274,8.88888,313
8.32701,6.89753,313
6.94923,5.4478,313
5,5,313
40.6574,88.0809,314
38.6909,87.7161,314
36.8531,86.9272,314
34.9169,86.4262,314
33.4301,85.0885,314
32.5248,83.3051,314
31.0767,81.9256,314
30.7621,79.9505,314
31.8891,78.2982,314
30.9632,76.5254,314
31.2366,74.5442,314
31.6129,72.5799,314
29.7145,71.9507,314
27.8831,71.1468,314
26.0822,70.2769,314
24.4739,69.0881,314
24.2091,67.1057,314
23.5606,65.2137,314
24.7503,63.606,314
25.5854,61.7887,314
25.6753,59.7907,314
26.6009,58.0178,314
25.7113,56.2265,314
26.5074,54.3917,314
26.0495,52.4448,314
27.5358,51.1065,314
27.8514,49.1316,314
27.0333,47.3066,314
27.9601,45.5343,314
29.2662,44.0197,314
30.5853,42.5163,314
30.5682,40.5164,314
28.917,39.3878,314
28.5888,37.415,314
26.9488,36.2702,314
25.696,34.7112,314
26.4217,32.8475,314
26.2601,30.854,314
24.3605,30.2285,314
23.4125,28.4674,314
22.457,26.7105,314
20.4619,26.8508,314
18.4621,26.8798,314
16.8545,25.6901,314
15.848,23.9618,314
14.3153,22.677,314
12.3192,22.8024,314
10.3345,22.5557,314
10.3455,20.5558,314
9.09781,18.9927,314
9.19093,16.9949,314
10.726,15.7129,314
10.9404,13.7244,314
10.7188,11.7368,314
10.303,9.78045,314
8.51274,8.88888,314
8.32701,6.89753,314
6.94923,5.4478,314
5,5,314
4.36754,6.89737,315
5,5,315
34.1695,15.0689,316
34.6409,17.0126,316
35.5625,18.7876,316
34.8578,20.6594,316
33.3229,21.9415,316
31.4197,22.5563,316
29.5229,23.1904,316
27.7258,24.0682,316
25.8045,24.6238,316
24.3062,25.9485,316
22.457,26.7105,316
20.4619,26.8508,316
18.4621,26.8798,316
16.8545,25.6901,316
15.848,23.9618,316
14.3153,22.677,316
12.3192,22.8024,316
10.3345,22.5557,316
10.3455,20.5558,316
9.09781,18.9927,316
9.19093,16.9949,316
10.726,15.7129,316
10.9404,13.7244,316
10.7188,11.7368,316
10.303,9.78045,316
8.51274,8.88888,316
8.32701,6.89753,316
6.94923,5.4478,316
5,5,316
36.8101,38.3375,317
36.281,40.2663,317
34.3704,40.8574,317
32.5226,40.092,317
30.5682,40.5164,317
28.917,39.3878,317
28.5888,37.415,317
26.9488,36.2702,317
25.696,34.7112,317
26.4217,32.8475,317
26.2601,30.854,317
24.3605,30.2285,317
23.4125,28.4674,317
22.457,26.7105,317
20.4619,26.8508,317
18.4621,26.8798,317
16.8545,25.6901,317
15.848,23.9618,317
14.3153,22.677,317
12.3192,22.8024,317
10.3345,22.5557,317
10.3455,20.5558,317
9.09781,18.9927,317
9.19093,16.9949,317
10.726,15.7129,317
10.9404,13.7244,317
10.7188,11.7368,317
10.303,9.78045,317
8.51274,8.88888,317
8.32701,6.89753,317
6.94923,5.4478,317
5,5,317
39.2434,80.0446,318
37.795,78.6655,318
35.8251,79.0108,318
33.856,78.6603,318
31.8891,78.2982,318
30.9632,76.5254,318
31.2366,74.5442,318
31.6129,72.5799,318
29.7145,71.9507,318
27.8831,71.1468,318
26.0822,70.2769,318
24.4739,69.0881,318
24.2091,67.1057,318
23.5606,65.2137,318
24.7503,63.606,318
25.5854,61.7887,318
25.6753,59.7907,318
26.6009,58.0178,318
25.7113,56.2265,318
26.5074,54.3917,318
26.0495,52.4448,318
27.5358,51.1065,318
27.8514,49.1316,318
27.0333,47.3066,318
27.9601,45.5343,318
29.2662,44.0197,318
30.5853,42.5163,318
30.5682,40.5164,318
28.917,39.3878,318
28.5888,37.415,318
26.9488,36.2702,318
25.696,34.7112,318
26.4217,32.8475,318
26.2601,30.854,318
24.3605,30.2285,318
23.4125,28.4674,318
22.457,26.7105,318
20.4619,26.8508,318
18.4621,26.8798,318
16.8545,25.6901,318
15.848,23.9618,318
14.3153,22.677,318
12.3192,22.8024,318
10.3345,22.5557,318
10.3455,20.5558,318
9.09781,18.9927,318
9.19093,16.9949,318
10.726,15.7129,318
10.9404,13.7244,318
10.7188,11.7368,318
10.303,9.78045,318
8.51274,8.88888,318
8.32701,6.89753,318
6.94923,5.4478,318
5,5,318
5.72833,36.4906,319
6.53095,34.6588,319
7.3489,32.8337,319
8.92674,31.6047,319
9.759,29.7861,319
8.7454,28.0619,319
10.0405,26.5379,319
10.0692,24.5381,319
10.3345,22.5557,319
10.3455,20.5558,319
9.09781,18.9927,319
9.19093,16.9949,319
10.726,15.7129,319
10.9404,13.7244,319
10.7188,11.7368,319
10.303,9.78045,319
8.51274,8.88888,319
8.32701,6.89753,319
6.94923,5.4478,319
5,5,319
65.7466,49.7595,320
67.2244,48.4119,320
65.9638,46.8592,320
64.7668,45.257,320
64.2266,43.3314,320
62.2431,43.5877,320
61.8293,41.631,320
60.1488,40.5467,320
59.0695,38.8629,320
57.1519,39.4307,320
55.6279,38.1355,320
53.7057,37.5832,320
52.5523,39.2171,320
50.7336,40.0492,320
48.8354,40.6791,320
46.923,41.2644,320
45.0676,40.5178,320
43.3972,41.6178,320
41.4864,42.2082,320
39.5236,42.5921,320
37.8218,41.5414,320
36.281,40.2663,320
34.3704,40.8574,320
32.5226,40.092,320
30.5682,40.5164,320
28.917,39.3878,320
28.5888,37.415,320
26.9488,36.2702,320
25.696,34.7112,320
26.4217,32.8475,320
26.2601,30.854,320
24.3605,30.2285,320
23.4125,28.4674,320
22.457,26.7105,320
20.4619,26.8508,320
18.4621,26.8798,320
16.8545,25.6901,320
15.848,23.9618,320
14.3153,22.677,320
12.3192,22.8024,320
10.3345,22.5557,320
10.3455,20.5558,320
9.09781,18.9927,320
9.19093,16.9949,320
10.726,15.7129,320
10.9404,13.7244,320
10.7188,11.7368,320
10.303,9.78045,320
8.51274,8.88888,320
8.32701,6.89753,320
6.94923,5.4478,320
5,5,320
83.9701,11.3178,321
82.1425,10.5053,321
80.438,11.5515,321
78.8902,12.8181,321
77.2046,13.8946,321
75.2729,14.4126,321
74.309,16.165,321
73.718,18.0757,321
72.5262,19.6819,321
72.916,21.6435,321
72.9002,23.6434,321
71.3453,24.9014,321
69.7687,26.1319,321
67.8731,26.7695,321
66.6403,28.3444,321
64.6726,28.7026,321
63.4429,30.2799,321
61.8123,31.4379,321
61.719,33.4357,321
60.5965,35.091,321
60,37,321
59.0695,38.8629,321
57.1519,39.4307,321
55.6279,38.1355,321
53.7057,37.5832,321
52.5523,39.2171,321
50.7336,40.0492,321
48.8354,40.6791,321
46.923,41.2644,321
45.0676,40.5178,321
43.3972,41.6178,321
41.4864,42.2082,321
39.5236,42.5921,321
37.8218,41.5414,321
36.281,40.2663,321
34.3704,40.8574,321
32.5226,40.092,321
30.5682,40.5164,321
28.917,39.3878,321
28.5888,37.415,321
26.9488,36.2702,321
25.696,34.7112,321
26.4217,32.8475,321
26.2601,30.854,321
24.3605,30.2285,321
23.4125,28.4674,321
22.457,26.7105,321
20.4619,26.8508,321
18.4621,26.8798,321
16.8545,25.6901,321
15.848,23.9618,321
14.3153,22.677,321
12.3192,22.8024,321
10.3345,22.5557,321
10.3455,20.5558,321
9.09781,18.9927,321
9.19093,16.9949,321
10.726,15.7129,321
10.9404,13.7244,321
10.7188,11.7368,321
10.303,9.78045,321
8.51274,8.88888,321
8.32701,6.89753,321
6.94923,5.4478,321
5,5,321
39.5747,46.9157,322
39,45,322
39.5236,42.5921,322
37.8218,41.5414,322
36.281,40.2663,322
34.3704,40.8574,322
32.5226,40.092,322
30.5682,40.5164,322
28.917,39.3878,322
28.5888,37.415,322
26.9488,36.2702,322
25.696,34.7112,322
26.4217,32.8475,322
26.2601,30.854,322
24.3605,30.2285,322
23.4125,28.4674,322
22.457,26.7105,322
20.4619,26.8508,322
18.4621,26.8798,322
16.8545,25.6901,322
15.848,23.9618,322
14.3153,22.677,322
12.3192,22.8024,322
10.3345,22.5557,322
10.3455,20.5558,322
9.09781,18.9927,322
9.19093,16.9949,322
10.726,15.7129,322
10.9404,13.7244,322
10.7188,11.7368,322
10.303,9.78045,322
8.51274,8.88888,322
8.32701,6.89753,322
6.94923,5.4478,322
5,5,322
51.9663,41.6242,323
50.7336,40.0492,323
48.8354,40.6791,323
46.923,41.2644,323
45.0676,40.5178,323
43.3972,41.6178,323
41.4864,42.2082,323
39.5236,42.5921,323
37.8218,41.5414,323
36.281,40.2663,323
34.3704,40.8574,323
32.5226,40.092,323
30.5682,40.5164,323
28.917,39.3878,323
28.5888,37.415,323
26.9488,36.2702,323
25.696,34.7112,323
26.4217,32.8475,323
26.2601,30.854,323
24.3605,30.2285,323
23.4125,28.4674,323
22.457,26.7105,323
20.4619,26.8508,323
18.4621,26.8798,323
16.8545,25.6901,323
15.848,23.9618,323
14.3153,22.677,323
12.3192,22.8024,323
10.3345,22.5557,323
10.3455,20.5558,323
9.09781,18.9927,323
9.19093,16.9949,323
10.726,15.7129,323
10.9404,13.7244,323
10.7188,11.7368,323
10.303,9.78045,323
8.51274,8.88888,323
8.32701,6.89753,323
6.94923,5.4478,323
5,5,323
41.4595,89.9131,324
40.6574,88.0809,324
38.6909,87.7161,324
36.8531,86.9272,324
34.9169,86.4262,324
33.4301,85.0885,324
32.5248,83.3051,324
31.0767,81.9256,324
30.7621,79.9505,324
31.8891,78.2982,324
30.9632,76.5254,324
31.2366,74.5442,324
31.6129,72.5799,324
29.7145,71.9507,324
27.8831,71.1468,324
26.0822,70.2769,324
24.4739,69.0881,324
24.2091,67.1057,324
23.5606,65.2137,324
24.7503,63.606,324
25.5854,61.7887,324
25.6753,59.7907,324
26.6009,58.0178,324
25.7113,56.2265,324
26.5074,54.3917,324
26.0495,52.4448,324
27.5358,51.1065,324
27.8514,49.1316,324
27.0333,47.3066,324
27.9601,45.5343,324
29.2662,44.0197,324
30.5853,42.5163,324
30.5682,40.5164,324
28.917,39.3878,324
28.5888,37.415,324
26.9488,36.2702,324
25.696,34.7112,324
26.4217,32.8475,324
26.2601,30.854,324
24.3605,30.2285,324
23.4125,28.4674,324
22.457,26.7105,324
20.4619,26.8508,324
18.4621,26.8798,324
16.8545,25.6901,324
15.848,23.9618,324
14.3153,22.677,324
12.3192,22.8024,324
10.3345,22.5557,324
10.3455,20.5558,324
9.09781,18.9927,324
9.19093,16.9949,324
10.726,15.7129,324
10.9404,13.7244,324
10.7188,11.7368,324
10.303,9.78045,324
8.51274,8.88888,324
8.32701,6.89753,324
6.94923,5.4478,324
5,5,324
86.7354,47.0563,325
86.3771,45.0887,325
84.5617,44.2494,325
83,43,325
80.7643,43.5173,325
79.284,42.1724,325
78.0921,40.5664,325
76.2114,41.2469,325
74.4954,42.2742,325
72.7302,41.3339,325
70.9274,42.1998,325
70.0508,43.9975,325
68.1968,43.2474,325
66.2168,43.5293,325
64.2266,43.3314,325
62.2431,43.5877,325
61.8293,41.631,325
60.1488,40.5467,325
59.0695,38.8629,325
57.1519,39.4307,325
55.6279,38.1355,325
53.7057,37.5832,325
52.5523,39.2171,325
50.7336,40.0492,325
48.8354,40.6791,325
46.923,41.2644,325
45.0676,40.5178,325
43.3972,41.6178,325
41.4864,42.2082,325
39.5236,42.5921,325
37.8218,41.5414,325
36.281,40.2663,325
34.3704,40.8574,325
32.5226,40.092,325
30.5682,40.5164,325
28.917,39.3878,325
28.5888,37.415,325
26.9488,36.2702,325
25.696,34.7112,325
26.4217,32.8475,325
26.2601,30.854,325
24.3605,30.2285,325
23.4125,28.4674,325
22.457,26.7105,325
20.4619,26.8508,325
18.4621,26.8798,325
16.8545,25.6901,325
15.848,23.9618,325
14.3153,22.677,325
12.3192,22.8024,325
10.3345,22.5557,325
10.3455,20.5558,325
9.09781,18.9927,325
9.19093,16.9949,325
10.726,15.7129,325
10.9404,13.7244,325
10.7188,11.7368,325
10.303,9.78045,325
8.51274,8.88888,325
8.32701,6.89753,325
6.94923,5.4478,325
5,5,325
42.9452,13.7149,326
42.117,15.5353,326
40.6777,16.924,326
39.018,18.04,326
37.0924,17.4995,326
35.5625,18.7876,326
34.8578,20.6594,326
33.3229,21.9415,326
31.4197,22.5563,326
29.5229,23.1904,326
27.7258,24.0682,326
25.8045,24.6238,326
24.3062,25.9485,326
22.457,26.7105,326
20.4619,26.8508,326
18.4621,26.8798,326
16.8545,25.6901,326
15.848,23.9618,326
14.3153,22.677,326
12.3192,22.8024,326
10.3345,22.5557,326
10.3455,20.5558,326
9.09781,18.9927,326
9.19093,16.9949,326
10.726,15.7129,326
10.9404,13.7244,326
10.7188,11.7368,326
10.303,9.78045,326
8.51274,8.88888,326
8.32701,6.89753,326
6.94923,5.4478,326
5,5,326
67.8716,50.3043,327
67.2244,48.4119,327
65.9638,46.8592,327
64.7668,45.257,327
64.2266,43.3314,327
62.2431,43.5877,327
61.8293,41.631,327
60.1488,40.5467,327
59.0695,38.8629,327
57.1519,39.4307,327
55.6279,38.1355,327
53.7057,37.5832,327
52.5523,39.2171,327
50.7336,40.0492,327
48.8354,40.6791,327
46.923,41.2644,327
45.0676,40.5178,327
43.3972,41.6178,327
41.4864,42.2082,327
39.5236,42.5921,327
37.8218,41.5414,327
36.281,40.2663,327
34.3704,40.8574,327
32.5226,40.092,327
30.5682,40.5164,327
28.917,39.3878,327
28.5888,37.415,327
26.9488,36.2702,327
25.696,34.7112,327
26.4217,32.8475,327
26.2601,30.854,327
24.3605,30.2285,327
23.4125,28.4674,327
22.457,26.7105,327
20.4619,26.8508,327
18.4621,26.8798,327
16.8545,25.6901,327
15.848,23.9618,327
14.3153,22.677,327
12.3192,22.8024,327
10.3345,22.5557,327
10.3455,20.5558,327
9.09781,18.9927,327
9.19093,16.9949,327
10.726,15.7129,327
10.9404,13.7244,327
10.7188,11.7368,327
10.303,9.78045,327
8.51274,8.88888,327
8.32701,6.89753,327
6.94923,5.4478,327
5,5,327
88.0631,48.5521,328
86.7354,47.0563,328
86.3771,45.0887,328
84.5617,44.2494,328
83,43,328
80.7643,43.5173,328
79.284,42.1724,328
78.0921,40.5664,328
76.2114,41.2469,328
74.4954,42.2742,328
72.7302,41.3339,328
70.9274,42.1998,328
70.0508,43.9975,328
68.1968,43.2474,328
66.2168,43.5293,328
64.2266,43.3314,328
62.2431,43.5877,328
61.8293,41.631,328
60.1488,40.5467,328
59.0695,38.8629,328
57.1519,39.4307,328
55.6279,38.1355,328
53.7057,37.5832,328
52.5523,39.2171,328
50.7336,40.0492,328
48.8354,40.6791,328
46.923,41.2644,328
45.0676,40.5178,328
43.3972,41.6178,328
41.4864,42.2082,328
39.5236,42.5921,328
37.8218,41.5414,328
36.281,40.2663,328
34.3704,40.8574,328
32.5226,40.092,328
30.5682,40.5164,328
28.917,39.3878,328
28.5888,37.415,328
26.9488,36.2702,328
25.696,34.7112,328
26.4217,32.8475,328
26.2601,30.854,328
24.3605,30.2285,328
23.4125,28.4674,328
22.457,26.7105,328
20.4619,26.8508,328
18.4621,26.8798,328
16.8545,25.6901,328
15.848,23.9618,328
14.3153,22.677,328
12.3192,22.8024,328
10.3345,22.5557,328
10.3455,20.5558,328
9.09781,18.9927,328
9.19093,16.9949,328
10.726,15.7129,328
10.9404,13.7244,328
10.7188,11.7368,328
10.303,9.78045,328
8.51274,8.88888,328
8.32701,6.89753,328
6.94923,5.4478,328
5,5,328
10.3345,22.5557,329
10.3455,20.5558,329
9.09781,18.9927,329
9.19093,16.9949,329
10.726,15.7129,329
10.9404,13.7244,329
10.7188,11.7368,329
10.303,9.78045,329
8.51274,8.88888,329
8.32701,6.89753,329
6.94923,5.4478,329
5,5,329
85.7697,10.4452,330
83.9701,11.3178,330
82.1425,10.5053,330
80.438,11.5515,330
78.8902,12.8181,330
77.2046,13.8946,330
75.2729,14.4126,330
74.309,16.165,330
73.718,18.0757,330
72.5262,19.6819,330
72.916,21.6435,330
72.9002,23.6434,330
71.3453,24.9014,330
69.7687,26.1319,330
67.8731,26.7695,330
66.6403,28.3444,330
64.6726,28.7026,330
63.4429,30.2799,330
61.8123,31.4379,330
61.719,33.4357,330
60.5965,35.091,330
60,37,330
59.0695,38.8629,330
57.1519,39.4307,330
55.6279,38.1355,330
53.7057,37.5832,330
52.5523,39.2171,330
50.7336,40.0492,330
48.8354,40.6791,330
46.923,41.2644,330
45.0676,40.5178,330
43.3972,41.6178,330
41.4864,42.2082,330
39.5236,42.5921,330
37.8218,41.5414,330
36.281,40.2663,330
34.3704,40.8574,330
32.5226,40.092,330
30.5682,40.5164,330
28.917,39.3878,330
28.5888,37.415,330
26.9488,36.2702,330
25.696,34.7112,330
26.4217,32.8475,330
26.2601,30.854,330
24.3605,30.2285,330
23.4125,28.4674,330
22.457,26.7105,330
20.4619,26.8508,330
18.4621,26.8798,330
16.8545,25.6901,330
15.848,23.9618,330
14.3153,22.677,330
12.3192,22.8024,330
10.3345,22.5557,330
10.3455,20.5558,330
9.09781,18.9927,330
9.19093,16.9949,330
10.726,15.7129,330
10.9404,13.7244,330
10.7188,11.7368,330
10.303,9.78045,330
8.51274,8.88888,330
8.32701,6.89753,330
6.94923,5.4478,330
5,5,330
78.9275,81.2905,331
78.4082,79.3591,331
76.6131,78.4773,331
76.2074,76.5189,331
74.2174,76.3192,331
72.7999,74.9083,331
73.1058,72.9318,331
71.8251,71.3956,331
72.091,69.4133,331
73.6266,68.1319,331
72.7081,66.3553,331
72.5435,64.3621,331
72.1226,62.4068,331
70.1894,61.8945,331
68.3152,61.1963,331
66.937,59.747,331
66.6815,57.7634,331
67.8171,56.117,331
67.5569,54.134,331
67.1605,52.1737,331
67.8716,50.3043,331
67.2244,48.4119,331
65.9638,46.8592,331
64.7668,45.257,331
64.2266,43.3314,331
62.2431,43.5877,331
61.8293,41.631,331
60.1488,40.5467,331
59.0695,38.8629,331
57.1519,39.4307,331
55.6279,38.1355,331
53.7057,37.5832,331
52.5523,39.2171,331
50.7336,40.0492,331
48.8354,40.6791,331
46.923,41.2644,331
45.0676,40.5178,331
43.3972,41.6178,331
41.4864,42.2082,331
39.5236,42.5921,331
37.8218,41.5414,331
36.281,40.2663,331
34.3704,40.8574,331
32.5226,40.092,331
30.5682,40.5164,331
28.917,39.3878,331
28.5888,37.415,331
26.9488,36.2702,331
25.696,34.7112,331
26.4217,32.8475,331
26.2601,30.854,331
24.3605,30.2285,331
23.4125,28.4674,331
22.457,26.7105,331
20.4619,26.8508,331
18.4621,26.8798,331
16.8545,25.6901,331
15.848,23.9618,331
14.3153,22.677,331
12.3192,22.8024,331
10.3345,22.5557,331
10.3455,20.5558,331
9.09781,18.9927,331
9.19093,16.9949,331
10.726,15.7129,331
10.9404,13.7244,331
10.7188,11.7368,331
10.303,9.78045,331
8.51274,8.88888,331
8.32701,6.89753,331
6.94923,5.4478,331
5,5,331
8.32701,6.89753,332
6.94923,5.4478,332
5,5,332
73.7101,13.1645,333
75.2729,14.4126,333
74.309,16.165,333
73.718,18.0757,333
72.5262,19.6819,333
72.916,21.6435,333
72.9002,23.6434,333
71.3453,24.9014,333
69.7687,26.1319,333
67.8731,26.7695,333
66.6403,28.3444,333
64.6726,28.7026,333
63.4429,30.2799,333
61.8123,31.4379,333
61.719,33.4357,333
60.5965,35.091,333
60,37,333
59.0695,38.8629,333
57.1519,39.4307,333
55.6279,38.1355,333
53.7057,37.5832,333
52.5523,39.2171,333
50.7336,40.0492,333
48.8354,40.6791,333
46.923,41.2644,333
45.0676,40.5178,333
43.3972,41.6178,333
41.4864,42.2082,333
39.5236,42.5921,333
37.8218,41.5414,333
36.281,40.2663,333
34.3704,40.8574,333
32.5226,40.092,333
30.5682,40.5164,333
28.917,39.3878,333
28.5888,37.415,333
26.9488,36.2702,333
25.696,34.7112,333
26.4217,32.8475,333
26.2601,30.854,333
24.3605,30.2285,333
23.4125,28.4674,333
22.457,26.7105,333
20.4619,26.8508,333
18.4621,26.8798,333
16.8545,25.6901,333
15.848,23.9618,333
14.3153,22.677,333
12.3192,22.8024,333
10.3345,22.5557,333
10.3455,20.5558,333
9.09781,18.9927,333
9.19093,16.9949,333
10.726,15.7129,333
10.9404,13.7244,333
10.7188,11.7368,333
10.303,9.78045,333
8.51274,8.88888,333
8.32701,6.89753,333
6.94923,5.4478,333
5,5,333
34.7453,11.1323,334
34.6622,13.1306,334
34.1695,15.0689,334
34.6409,17.0126,334
35.5625,18.7876,334
34.8578,20.6594,334
33.3229,21.9415,334
31.4197,22.5563,334
29.5229,23.1904,334
27.7258,24.0682,334
25.8045,24.6238,334
24.3062,25.9485,334
22.457,26.7105,334
20.4619,26.8508,334
18.4621,26.8798,334
16.8545,25.6901,334
15.848,23.9618,334
14.3153,22.677,334
12.3192,22.8024,334
10.3345,22.5557,334
10.3455,20.5558,334
9.09781,18.9927,334
9.19093,16.9949,334
10.726,15.7129,334
10.9404,13.7244,334
10.7188,11.7368,334
10.303,9.78045,334
8.51274,8.88888,334
8.32701,6.89753,334
6.94923,5.4478,334
5,5,334
41.4595,89.9131,335
40.6574,88.0809,335
38.6909,87.7161,335
36.8531,86.9272,335
34.9169,86.4262,335
33.4301,85.0885,335
32.5248,83.3051,335
31.0767,81.9256,335
30.7621,79.9505,335
31.8891,78.2982,335
30.9632,76.5254,335
31.2366,74.5442,335
31.6129,72.5799,335
29.7145,71.9507,335
27.8831,71.1468,335
26.0822,70.2769,335
24.4739,69.0881,335
24.2091,67.1057,335
23.5606,65.2137,335
24.7503,63.606,335
25.5854,61.7887,335
25.6753,59.7907,335
26.6009,58.0178,335
25.7113,56.2265,335
26.5074,54.3917,335
26.0495,52.4448,335
27.5358,51.1065,335
27.8514,49.1316,335
27.0333,47.3066,335
27.9601,45.5343,335
29.2662,44.0197,335
30.5853,42.5163,335
30.5682,40.5164,335
28.917,39.3878,335
28.5888,37.415,335
26.9488,36.2702,335
25.696,34.7112,335
26.4217,32.8475,335
26.2601,30.854,335
24.3605,30.2285,335
23.4125,28.4674,335
22.457,26.7105,335
20.4619,26.8508,335
18.4621,26.8798,335
16.8545,25.6901,335
15.848,23.9618,335
14.3153,22.677,335
12.3192,22.8024,335
10.3345,22.5557,335
10.3455,20.5558,335
9.09781,18.9927,335
9.19093,16.9949,335
10.726,15.7129,335
10.9404,13.7244,335
10.7188,11.7368,335
10.303,9.78045,335
8.51274,8.88888,335
8.32701,6.89753,335
6.94923,5.4478,335
5,5,335
43.3972,41.6178,336
41.4864,42.2082,336
39.5236,42.5921,336
37.8218,41.5414,336
36.281,40.2663,336
34.3704,40.8574,336
32.5226,40.092,336
30.5682,40.5164,336
28.917,39.3878,336
28.5888,37.415,336
26.9488,36.2702,336
25.696,34.7112,336
26.4217,32.8475,336
26.2601,30.854,336
24.3605,30.2285,336
23.4125,28.4674,336
22.457,26.7105,336
20.4619,26.8508,336
18.4621,26.8798,336
16.8545,25.6901,336
15.848,23.9618,336
14.3153,22.677,336
12.3192,22.8024,336
10.3345,22.5557,336
10.3455,20.5558,336
9.09781,18.9927,336
9.19093,16.9949,336
10.726,15.7129,336
10.9404,13.7244,336
10.7188,11.7368,336
10.303,9.78045,336
8.51274,8.88888,336
8.32701,6.89753,336
6.94923,5.4478,336
5,5,336
7.23165,87.2146,337
8.45285,85.6307,337
9.75353,84.1114,337
9.04065,82.2428,337
9.89656,80.4352,337
11.4392,79.1623,337
13.2373,80.0381,337
15.1936,79.6226,337
16.283,77.9453,337
17.9582,76.8527,337
19.6762,75.8288,337
21.6507,75.5105,337
22.485,73.6928,337
21.6521,71.8746,337
23.2465,70.6671,337
24.4739,69.0881,337
24.2091,67.1057,337
23.5606,65.2137,337
24.7503,63.606,337
25.5854,61.7887,337
25.6753,59.7907,337
26.6009,58.0178,337
25.7113,56.2265,337
26.5074,54.3917,337
26.0495,52.4448,337
27.5358,51.1065,337
27.8514,49.1316,337
27.0333,47.3066,337
27.9601,45.5343,337
29.2662,44.0197,337
30.5853,42.5163,337
30.5682,40.5164,337
28.917,39.3878,337
28.5888,37.415,337
26.9488,36.2702,337
25.696,34.7112,337
26.4217,32.8475,337
26.2601,30.854,337
24.3605,30.2285,337
23.4125,28.4674,337
22.457,26.7105,337
20.4619,26.8508,337
18.4621,26.8798,337
16.8545,25.6901,337
15.848,23.9618,337
14.3153,22.677,337
12.3192,22.8024,337
10.3345,22.5557,337
10.3455,20.5558,337
9.09781,18.9927,337
9.19093,16.9949,337
10.726,15.7129,337
10.9404,13.7244,337
10.7188,11.7368,337
10.303,9.78045,337
8.51274,8.88888,337
8.32701,6.89753,337
6.94923,5.4478,337
5,5,337
77.4865,68.8815,338
75.4865,68.8672,338
73.6266,68.1319,338
72.7081,66.3553,338
72.5435,64.3621,338
72.1226,62.4068,338
70.1894,61.8945,338
68.3152,61.1963,338
66.937,59.747,338
66.6815,57.7634,338
67.8171,56.117,338
67.5569,54.134,338
67.1605,52.1737,338
67.8716,50.3043,338
67.2244,48.4119,338
65.9638,46.8592,338
64.7668,45.257,338
64.2266,43.3314,338
62.2431,43.5877,338
61.8293,41.631,338
60.1488,40.5467,338
59.0695,38.8629,338
57.1519,39.4307,338
55.6279,38.1355,338
53.7057,37.5832,338
52.5523,39.2171,338
50.7336,40.0492,338
48.8354,40.6791,338
46.923,41.2644,338
45.0676,40.5178,338
43.3972,41.6178,338
41.4864,42.2082,338
39.5236,42.5921,338
37.8218,41.5414,338
36.281,40.2663,338
34.3704,40.8574,338
32.5226,40.092,338
30.5682,40.5164,338
28.917,39.3878,338
28.5888,37.415,338
26.9488,36.2702,338
25.696,34.7112,338
26.4217,32.8475,338
26.2601,30.854,338
24.3605,30.2285,338
23.4125,28.4674,338
22.457,26.7105,338
20.4619,26.8508,338
18.4621,26.8798,338
16.8545,25.6901,338
15.848,23.9618,338
14.3153,22.677,338
12.3192,22.8024,338
10.3345,22.5557,338
10.3455,20.5558,338
9.09781,18.9927,338
9.19093,16.9949,338
10.726,15.7129,338
10.9404,13.7244,338
10.7188,11.7368,338
10.303,9.78045,338
8.51274,8.88888,338
8.32701,6.89753,338
6.94923,5.4478,338
5,5,338
5.72833,36.4906,339
6.53095,34.6588,339
7.3489,32.8337,339
8.92674,31.6047,339
9.759,29.7861,339
8.7454,28.0619,339
10.0405,26.5379,339
10.0692,24.5381,339
10.3345,22.5557,339
10.3455,20.5558,339
9.09781,18.9927,339
9.19093,16.9949,339
10.726,15.7129,339
10.9404,13.7244,339
10.7188,11.7368,339
10.303,9.78045,339
8.51274,8.88888,339
8.32701,6.89753,339
6.94923,5.4478,339
5,5,339
23.5711,46.1845,340
25.0464,47.535,340
27.0333,47.3066,340
27.9601,45.5343,340
29.2662,44.0197,340
30.5853,42.5163,340
30.5682,40.5164,340
28.917,39.3878,340
28.5888,37.415,340
26.9488,36.2702,340
25.696,34.7112,340
26.4217,32.8475,340
26.2601,30.854,340
24.3605,30.2285,340
23.4125,28.4674,340
22.457,26.7105,340
20.4619,26.8508,340
18.4621,26.8798,340
16.8545,25.6901,340
15.848,23.9618,340
14.3153,22.677,340
12.3192,22.8024,340
10.3345,22.5557,340
10.3455,20.5558,340
9.09781,18.9927,340
9.19093,16.9949,340
10.726,15.7129,340
10.9404,13.7244,340
10.7188,11.7368,340
10.303,9.78045,340
8.51274,8.88888,340
8.32701,6.89753,340
6.94923,5.4478,340
5,5,340
33.237,9.81886,341
34.7453,11.1323,341
34.6622,13.1306,341
34.1695,15.0689,341
34.6409,17.0126,341
35.5625,18.7876,341
34.8578,20.6594,341
33.3229,21.9415,341
31.4197,22.5563,341
29.5229,23.1904,341
27.7258,24.0682,341
25.8045,24.6238,341
24.3062,25.9485,341
22.457,26.7105,341
20.4619,26.8508,341
18.4621,26.8798,341
16.8545,25.6901,341
15.848,23.9618,341
14.3153,22.677,341
12.3192,22.8024,341
10.3345,22.5557,341
10.3455,20.5558,341
9.09781,18.9927,341
9.19093,16.9949,341
10.726,15.7129,341
10.9404,13.7244,341
10.7188,11.7368,341
10.303,9.78045,341
8.51274,8.88888,341
8.32701,6.89753,341
6.94923,5.4478,341
5,5,341
72.7302,41.3339,342
70.9274,42.1998,342
70.0508,43.9975,342
68.1968,43.2474,342
66.2168,43.5293,342
64.2266,43.3314,342
62.2431,43.5877,342
61.8293,41.631,342
60.1488,40.5467,342
59.0695,38.8629,342
57.1519,39.4307,342
55.6279,38.1355,342
53.7057,37.5832,342
52.5523,39.2171,342
50.7336,40.0492,342
48.8354,40.6791,342
46.923,41.2644,342
45.0676,40.5178,342
43.3972,41.6178,342
41.4864,42.2082,342
39.5236,42.5921,342
37.8218,41.5414,342
36.281,40.2663,342
34.3704,40.8574,342
32.5226,40.092,342
30.5682,40.5164,342
28.917,39.3878,342
28.5888,37.415,342
26.9488,36.2702,342
25.696,34.7112,342
26.4217,32.8475,342
26.2601,30.854,342
24.3605,30.2285,342
23.4125,28.4674,342
22.457,26.7105,342
20.4619,26.8508,342
18.4621,26.8798,342
16.8545,25.6901,342
15.848,23.9618,342
14.3153,22.677,342
12.3192,22.8024,342
10.3345,22.5557,342
10.3455,20.5558,342
9.09781,18.9927,342
9.19093,16.9949,342
10.726,15.7129,342
10.9404,13.7244,342
10.7188,11.7368,342
10.303,9.78045,342
8.51274,8.88888,342
8.32701,6.89753,342
6.94923,5.4478,342
5,5,342
6.51187,89.0805,343
7.23165,87.2146,343
8.45285,85.6307,343
9.75353,84.1114,343
9.04065,82.2428,343
9.89656,80.4352,343
11.4392,79.1623,343
13.2373,80.0381,343
15.1936,79.6226,343
16.283,77.9453,343
17.9582,76.8527,343
19.6762,75.8288,343
21.6507,75.5105,343
22.485,73.6928,343
21.6521,71.8746,343
23.2465,70.6671,343
24.4739,69.0881,343
24.2091,67.1057,343
23.5606,65.2137,343
24.7503,63.606,343
25.5854,61.7887,343
25.6753,59.7907,343
26.6009,58.0178,343
25.7113,56.2265,343
26.5074,54.3917,343
26.0495,52.4448,343
27.5358,51.1065,343
27.8514,49.1316,343
27.0333,47.3066,343
27.9601,45.5343,343
29.2662,44.0197,343
30.5853,42.5163,343
30.5682,40.5164,343
28.917,39.3878,343
28.5888,37.415,343
26.9488,36.2702,343
25.696,34.7112,343
26.4217,32.8475,343
26.2601,30.854,343
24.3605,30.2285,343
23.4125,28.4674,343
22.457,26.7105,343
20.4619,26.8508,343
18.4621,26.8798,343
16.8545,25.6901,343
15.848,23.9618,343
14.3153,22.677,343
12.3192,22.8024,343
10.3345,22.5557,343
10.3455,20.5558,343
9.09781,18.9927,343
9.19093,16.9949,343
10.726,15.7129,343
10.9404,13.7244,343
10.7188,11.7368,343
10.303,9.78045,343
8.51274,8.88888,343
8.32701,6.89753,343
6.94923,5.4478,343
5,5,343
22.7274,15.9457,344
24.4817,16.9061,344
25.3902,18.6879,344
25.2086,20.6796,344
25.6535,22.6295,344
25.8045,24.6238,344
24.3062,25.9485,344
22.457,26.7105,344
20.4619,26.8508,344
18.4621,26.8798,344
16.8545,25.6901,344
15.848,23.9618,344
14.3153,22.677,344
12.3192,22.8024,344
10.3345,22.5557,344
10.3455,20.5558,344
9.09781,18.9927,344
9.19093,16.9949,344
10.726,15.7129,344
10.9404,13.7244,344
10.7188,11.7368,344
10.303,9.78045,344
8.51274,8.88888,344
8.32701,6.89753,344
6.94923,5.4478,344
5,5,344
79.0729,83.2852,345
78.9275,81.2905,345
78.4082,79.3591,345
76.6131,78.4773,345
76.2074,76.5189,345
74.2174,76.3192,345
72.7999,74.9083,345
73.1058,72.9318,345
71.8251,71.3956,345
72.091,69.4133,345
73.6266,68.1319,345
72.7081,66.3553,345
72.5435,64.3621,345
72.1226,62.4068,345
70.1894,61.8945,345
68.3152,61.1963,345
66.937,59.747,345
66.6815,57.7634,345
67.8171,56.117,345
67.5569,54.134,345
67.1605,52.1737,345
67.8716,50.3043,345
67.2244,48.4119,345
65.9638,46.8592,345
64.7668,45.257,345
64.2266,43.3314,345
62.2431,43.5877,345
61.8293,41.631,345
60.1488,40.5467,345
59.0695,38.8629,345
57.1519,39.4307,345
55.6279,38.1355,345
53.7057,37.5832,345
52.5523,39.2171,345
50.7336,40.0492,345
48.8354,40.6791,345
46.923,41.2644,345
45.0676,40.5178,345
43.3972,41.6178,345
41.4864,42.2082,345
39.5236,42.5921,345
37.8218,41.5414,345
36.281,40.2663,345
34.3704,40.8574,345
32.5226,40.092,345
30.5682,40.5164,345
28.917,39.3878,345
28.5888,37.415,345
26.9488,36.2702,345
25.696,34.7112,345
26.4217,32.8475,345
26.2601,30.854,345
24.3605,30.2285,345
23.4125,28.4674,345
22.457,26.7105,345
20.4619,26.8508,345
18.4621,26.8798,345
16.8545,25.6901,345
15.848,23.9618,345
14.3153,22.677,345
12.3192,22.8024,345
10.3345,22.5557,345
10.3455,20.5558,345
9.09781,18.9927,345
9.19093,16.9949,345
10.726,15.7129,345
10.9404,13.7244,345
10.7188,11.7368,345
10.303,9.78045,345
8.51274,8.88888,345
8.32701,6.89753,345
6.94923,5.4478,345
5,5,345
22.7274,15.9457,346
24.4817,16.9061,346
25.3902,18.6879,346
25.2086,20.6796,346
25.6535,22.6295,346
25.8045,24.6238,346
24.3062,25.9485,346
22.457,26.7105,346
20.4619,26.8508,346
18.4621,26.8798,346
16.8545,25.6901,346
15.848,23.9618,346
14.3153,22.677,346
12.3192,22.8024,346
10.3345,22.5557,346
10.3455,20.5558,346
9.09781,18.9927,346
9.19093,16.9949,346
10.726,15.7129,346
10.9404,13.7244,346
10.7188,11.7368,346
10.303,9.78045,346
8.51274,8.88888,346
8.32701,6.89753,346
6.94923,5.4478,346
5,5,346
66.6815,57.7634,347
67.8171,56.117,347
67.5569,54.134,347
67.1605,52.1737,347
67.8716,50.3043,347
67.2244,48.4119,347
65.9638,46.8592,347
64.7668,45.257,347
64.2266,43.3314,347
62.2431,43.5877,347
61.8293,41.631,347
60.1488,40.5467,347
59.0695,38.8629,347
57.1519,39.4307,347
55.6279,38.1355,347
53.7057,37.5832,347
52.5523,39.2171,347
50.7336,40.0492,347
48.8354,40.6791,347
46.923,41.2644,347
45.0676,40.5178,347
43.3972,41.6178,347
41.4864,42.2082,347
39.5236,42.5921,347
37.8218,41.5414,347
36.281,40.2663,347
34.3704,40.8574,347
32.5226,40.092,347
30.5682,40.5164,347
28.917,39.3878,347
28.5888,37.415,347
26.9488,36.2702,347
25.696,34.7112,347
26.4217,32.8475,347
26.2601,30.854,347
24.3605,30.2285,347
23.4125,28.4674,347
22.457,26.7105,347
20.4619,26.8508,347
18.4621,26.8798,347
16.8545,25.6901,347
15.848,23.9618,347
14.3153,22.677,347
12.3192,22.8024,347
10.3345,22.5557,347
10.3455,20.5558,347
9.09781,18.9927,347
9.19093,16.9949,347
10.726,15.7129,347
10.9404,13.7244,347
10.7188,11.7368,347
10.303,9.78045,347
8.51274,8.88888,347
8.32701,6.89753,347
6.94923,5.4478,347
5,5,347
43.1824,90.9286,348
41.4595,89.9131,348
40.6574,88.0809,348
38.6909,87.7161,348
36.8531,86.9272,348
34.9169,86.4262,348
33.4301,85.0885,348
32.5248,83.3051,348
31.0767,81.9256,348
30.7621,79.9505,348
31.8891,78.2982,348
30.9632,76.5254,348
31.2366,74.5442,348
31.6129,72.5799,348
29.7145,71.9507,348
27.8831,71.1468,348
26.0822,70.2769,348
24.4739,69.0881,348
24.2091,67.1057,348
23.5606,65.2137,348
24.7503,63.606,348
25.5854,61.7887,348
25.6753,59.7907,348
26.6009,58.0178,348
25.7113,56.2265,348
26.5074,54.3917,348
26.0495,52.4448,348
27.5358,51.1065,348
27.8514,49.1316,348
27.0333,47.3066,348
27.9601,45.5343,348
29.2662,44.0197,348
30.5853,42.5163,348
30.5682,40.5164,348
28.917,39.3878,348
28.5888,37.415,348
26.9488,36.2702,348
25.696,34.7112,348
26.4217,32.8475,348
26.2601,30.854,348
24.3605,30.2285,348
23.4125,28.4674,348
22.457,26.7105,348
20.4619,26.8508,348
18.4621,26.8798,348
16.8545,25.6901,348
15.848,23.9618,348
14.3153,22.677,348
12.3192,22.8024,348
10.3345,22.5557,348
10.3455,20.5558,348
9.09781,18.9927,348
9.19093,16.9949,348
10.726,15.7129,348
10.9404,13.7244,348
10.7188,11.7368,348
10.303,9.78045,348
8.51274,8.88888,348
8.32701,6.89753,348
6.94923,5.4478,348
5,5,348
68.3152,61.1963,349
66.937,59.747,349
66.6815,57.7634,349
67.8171,56.117,349
67.5569,54.134,349
67.1605,52.1737,349
67.8716,50.3043,349
67.2244,48.4119,349
65.9638,46.8592,349
64.7668,45.257,349
64.2266,43.3314,349
62.2431,43.5877,349
61.8293,41.631,349
60.1488,40.5467,349
59.0695,38.8629,349
57.1519,39.4307,349
55.6279,38.1355,349
53.7057,37.5832,349
52.5523,39.2171,349
50.7336,40.0492,349
48.8354,40.6791,349
46.923,41.2644,349
45.0676,40.5178,349
43.3972,41.6178,349
41.4864,42.2082,349
39.5236,42.5921,349
37.8218,41.5414,349
36.281,40.2663,349
34.3704,40.8574,349
32.5226,40.092,349
30.5682,40.5164,349
28.917,39.3878,349
28.5888,37.415,349
26.9488,36.2702,349
25.696,34.7112,349
26.4217,32.8475,349
26.2601,30.854,349
24.3605,30.2285,349
23.4125,28.4674,349
22.457,26.7105,349
20.4619,26.8508,349
18.4621,26.8798,349
16.8545,25.6901,349
15.848,23.9618,349
14.3153,22.677,349
12.3192,22.8024,349
10.3345,22.5557,349
10.3455,20.5558,349
9.09781,18.9927,349
9.19093,16.9949,349
10.726,15.7129,349
10.9404,13.7244,349
10.7188,11.7368,349
10.303,9.78045,349
8.51274,8.88888,349
8.32701,6.89753,349
6.94923,5.4478,349
5,5,349
85.2327,34.2105,350
83.3094,33.6618,350
81.6685,34.8052,350
82.0145,36.775,350
81.6103,38.7337,350
79.9698,39.8778,350
78.0921,40.5664,350
76.2114,41.2469,350
74.4954,42.2742,350
72.7302,41.3339,350
70.9274,42.1998,350
70.0508,43.9975,350
68.1968,43.2474,350
66.2168,43.5293,350
64.2266,43.3314,350
62.2431,43.5877,350
61.8293,41.631,350
60.1488,40.5467,350
59.0695,38.8629,350
57.1519,39.4307,350
55.6279,38.1355,350
53.7057,37.5832,350
52.5523,39.2171,350
50.7336,40.0492,350
48.8354,40.6791,350
46.923,41.2644,350
45.0676,40.5178,350
43.3972,41.6178,350
41.4864,42.2082,350
39.5236,42.5921,350
37.8218,41.5414,350
36.281,40.2663,350
34.3704,40.8574,350
32.5226,40.092,350
30.5682,40.5164,350
28.917,39.3878,350
28.5888,37.415,350
26.9488,36.2702,350
25.696,34.7112,350
26.4217,32.8475,350
26.2601,30.854,350
24.3605,30.2285,350
23.4125,28.4674,350
22.457,26.7105,350
20.4619,26.8508,350
18.4621,26.8798,350
16.8545,25.6901,350
15.848,23.9618,350
14.3153,22.677,350
12.3192,22.8024,350
10.3345,22.5557,350
10.3455,20.5558,350
9.09781,18.9927,350
9.19093,16.9949,350
10.726,15.7129,350
10.9404,13.7244,350
10.7188,11.7368,350
10.303,9.78045,350
8.51274,8.88888,350
8.32701,6.89753,350
6.94923,5.4478,350
5,5,350
6.51187,89.0805,351
7.23165,87.2146,351
8.45285,85.6307,351
9.75353,84.1114,351
9.04065,82.2428,351
9.89656,80.4352,351
11.4392,79.1623,351
13.2373,80.0381,351
15.1936,79.6226,351
16.283,77.9453,351
17.9582,76.8527,351
19.6762,75.8288,351
21.6507,75.5105,351
22.485,73.6928,351
21.6521,71.8746,351
23.2465,70.6671,351
24.4739,69.0881,351
24.2091,67.1057,351
23.5606,65.2137,351
24.7503,63.606,351
25.5854,61.7887,351
25.6753,59.7907,351
26.6009,58.0178,351
25.7113,56.2265,351
26.5074,54.3917,351
26.0495,52.4448,351
27.5358,51.1065,351
27.8514,49.1316,351
27.0333,47.3066,351
27.9601,45.5343,351
29.2662,44.0197,351
30.5853,42.5163,351
30.5682,40.5164,351
28.917,39.3878,351
28.5888,37.415,351
26.9488,36.2702,351
25.696,34.7112,351
26.4217,32.8475,351
26.2601,30.854,351
24.3605,30.2285,351
23.4125,28.4674,351
22.457,26.7105,351
20.4619,26.8508,351
18.4621,26.8798,351
16.8545,25.6901,351
15.848,23.9618,351
14.3153,22.677,351
12.3192,22.8024,351
10.3345,22.5557,351
10.3455,20.5558,351
9.09781,18.9927,351
9.19093,16.9949,351
10.726,15.7129,351
10.9404,13.7244,351
10.7188,11.7368,351
10.303,9.78045,351
8.51274,8.88888,351
8.32701,6.89753,351
6.94923,5.4478,351
5,5,351
39.8383,59.2122,352
38,60,352
37,62,352
34.3169,62.9175,352
34.643,64.8907,352
32.7048,65.3841,352
30.9117,64.4982,352
29.1365,63.5769,352
27.2625,62.8783,352
25.5854,61.7887,352
25.6753,59.7907,352
26.6009,58.0178,352
25.7113,56.2265,352
26.5074,54.3917,352
26.0495,52.4448,352
27.5358,51.1065,352
27.8514,49.1316,352
27.0333,47.3066,352
27.9601,45.5343,352
29.2662,44.0197,352
30.5853,42.5163,352
30.5682,40.5164,352
28.917,39.3878,352
28.5888,37.415,352
26.9488,36.2702,352
25.696,34.7112,352
26.4217,32.8475,352
26.2601,30.854,352
24.3605,30.2285,352
23.4125,28.4674,352
22.457,26.7105,352
20.4619,26.8508,352
18.4621,26.8798,352
16.8545,25.6901,352
15.848,23.9618,352
14.3153,22.677,352
12.3192,22.8024,352
10.3345,22.5557,352
10.3455,20.5558,352
9.09781,18.9927,352
9.19093,16.9949,352
10.726,15.7129,352
10.9404,13.7244,352
10.7188,11.7368,352
10.303,9.78045,352
8.51274,8.88888,352
8.32701,6.89753,352
6.94923,5.4478,352
5,5,352
19.9206,56.9995,353
21.9206,56.9994,353
23.9175,57.1108,353
25.7113,56.2265,353
26.5074,54.3917,353
26.0495,52.4448,353
27.5358,51.1065,353
27.8514,49.1316,353
27.0333,47.3066,353
27.9601,45.5343,353
29.2662,44.0197,353
30.5853,42.5163,353
30.5682,40.5164,353
28.917,39.3878,353
28.5888,37.415,353
26.9488,36.2702,353
25.696,34.7112,353
26.4217,32.8475,353
26.2601,30.854,353
24.3605,30.2285,353
23.4125,28.4674,353
22.457,26.7105,353
20.4619,26.8508,353
18.4621,26.8798,353
16.8545,25.6901,353
15.848,23.9618,353
14.3153,22.677,353
12.3192,22.8024,353
10.3345,22.5557,353
10.3455,20.5558,353
9.09781,18.9927,353
9.19093,16.9949,353
10.726,15.7129,353
10.9404,13.7244,353
10.7188,11.7368,353
10.303,9.78045,353
8.51274,8.88888,353
8.32701,6.89753,353
6.94923,5.4478,353
5,5,353
90.1094,44.0531,354
88.1098,44.0898,354
86.3771,45.0887,354
84.5617,44.2494,354
83,43,354
80.7643,43.5173,354
79.284,42.1724,354
78.0921,40.5664,354
76.2114,41.2469,354
74.4954,42.2742,354
72.7302,41.3339,354
70.9274,42.1998,354
70.0508,43.9975,354
68.1968,43.2474,354
66.2168,43.5293,354
64.2266,43.3314,354
62.2431,43.5877,354
61.8293,41.631,354
60.1488,40.5467,354
59.0695,38.8629,354
57.1519,39.4307,354
55.6279,38.1355,354
53.7057,37.5832,354
52.5523,39.2171,354
50.7336,40.0492,354
48.8354,40.6791,354
46.923,41.2644,354
45.0676,40.5178,354
43.3972,41.6178,354
41.4864,42.2082,354
39.5236,42.5921,354
37.8218,41.5414,354
36.281,40.2663,354
34.3704,40.8574,354
32.5226,40.092,354
30.5682,40.5164,354
28.917,39.3878,354
28.5888,37.415,354
26.9488,36.2702,354
25.696,34.7112,354
26.4217,32.8475,354
26.2601,30.854,354
24.3605,30.2285,354
23.4125,28.4674,354
22.457,26.7105,354
20.4619,26.8508,354
18.4621,26.8798,354
16.8545,25.6901,354
15.848,23.9618,354
14.3153,22.677,354
12.3192,22.8024,354
10.3345,22.5557,354
10.3455,20.5558,354
9.09781,18.9927,354
9.19093,16.9949,354
10.726,15.7129,354
10.9404,13.7244,354
10.7188,11.7368,354
10.303,9.78045,354
8.51274,8.88888,354
8.32701,6.89753,354
6.94923,5.4478,354
5,5,354
79.0729,83.2852,355
78.9275,81.2905,355
78.4082,79.3591,355
76.6131,78.4773,355
76.2074,76.5189,355
74.2174,76.3192,355
72.7999,74.9083,355
73.1058,72.9318,355
71.8251,71.3956,355
72.091,69.4133,355
73.6266,68.1319,355
72.7081,66.3553,355
72.5435,64.3621,355
72.1226,62.4068,355
70.1894,61.8945,355
68.3152,61.1963,355
66.937,59.747,355
66.6815,57.7634,355
67.8171,56.117,355
67.5569,54.134,355
67.1605,52.1737,355
67.8716,50.3043,355
67.2244,48.4119,355
65.9638,46.8592,355
64.7668,45.257,355
64.2266,43.3314,355
62.2431,43.5877,355
61.8293,41.631,355
60.1488,40.5467,355
59.0695,38.8629,355
57.1519,39.4307,355
55.6279,38.1355,355
53.7057,37.5832,355
52.5523,39.2171,355
50.7336,40.0492,355
48.8354,40.6791,355
46.923,41.2644,355
45.0676,40.5178,355
43.3972,41.6178,355
41.4864,42.2082,355
39.5236,42.5921,355
37.8218,41.5414,355
36.281,40.2663,355
34.3704,40.8574,355
32.5226,40.092,355
30.5682,40.5164,355
28.917,39.3878,355
28.5888,37.415,355
26.9488,36.2702,355
25.696,34.7112,355
26.4217,32.8475,355
26.2601,30.854,355
24.3605,30.2285,355
23.4125,28.4674,355
22.457,26.7105,355
20.4619,26.8508,355
18.4621,26.8798,355
16.8545,25.6901,355
15.848,23.9618,355
14.3153,22.677,355
12.3192,22.8024,355
10.3345,22.5557,355
10.3455,20.5558,355
9.09781,18.9927,355
9.19093,16.9949,355
10.726,15.7129,355
10.9404,13.7244,355
10.7188,11.7368,355
10.303,9.78045,355
8.51274,8.88888,355
8.32701,6.89753,355
6.94923,5.4478,355
5,5,355
86.4045,32.5898,356
85.2327,34.2105,356
83.3094,33.6618,356
81.6685,34.8052,356
82.0145,36.775,356
81.6103,38.7337,356
79.9698,39.8778,356
78.0921,40.5664,356
76.2114,41.2469,356
74.4954,42.2742,356
72.7302,41.3339,356
70.9274,42.1998,356
70.0508,43.9975,356
68.1968,43.2474,356
66.2168,43.5293,356
64.2266,43.3314,356
62.2431,43.5877,356
61.8293,41.631,356
60.1488,40.5467,356
59.0695,38.8629,356
57.1519,39.4307,356
55.6279,38.1355,356
53.7057,37.5832,356
52.5523,39.2171,356
50.7336,40.0492,356
48.8354,40.6791,356
46.923,41.2644,356
45.0676,40.5178,356
43.3972,41.6178,356
41.4864,42.2082,356
39.5236,42.5921,356
37.8218,41.5414,356
36.281,40.2663,356
34.3704,40.8574,356
32.5226,40.092,356
30.5682,40.5164,356
28.917,39.3878,356
28.5888,37.415,356
26.9488,36.2702,356
25.696,34.7112,356
26.4217,32.8475,356
26.2601,30.854,356
24.3605,30.2285,356
23.4125,28.4674,356
22.457,26.7105,356
20.4619,26.8508,356
18.4621,26.8798,356
16.8545,25.6901,356
15.848,23.9618,356
14.3153,22.677,356
12.3192,22.8024,356
10.3345,22.5557,356
10.3455,20.5558,356
9.09781,18.9927,356
9.19093,16.9949,356
10.726,15.7129,356
10.9404,13.7244,356
10.7188,11.7368,356
10.303,9.78045,356
8.51274,8.88888,356
8.32701,6.89753,356
6.94923,5.4478,356
5,5,356
39.5149,67.0989,357
38.6036,65.3185,357
36.6427,64.9251,357
34.643,64.8907,357
32.7048,65.3841,357
30.9117,64.4982,357
29.1365,63.5769,357
27.2625,62.8783,357
25.5854,61.7887,357
25.6753,59.7907,357
26.6009,58.0178,357
25.7113,56.2265,357
26.5074,54.3917,357
26.0495,52.4448,357
27.5358,51.1065,357
27.8514,49.1316,357
27.0333,47.3066,357
27.9601,45.5343,357
29.2662,44.0197,357
30.5853,42.5163,357
30.5682,40.5164,357
28.917,39.3878,357
28.5888,37.415,357
26.9488,36.2702,357
25.696,34.7112,357
26.4217,32.8475,357
26.2601,30.854,357
24.3605,30.2285,357
23.4125,28.4674,357
22.457,26.7105,357
20.4619,26.8508,357
18.4621,26.8798,357
16.8545,25.6901,357
15.848,23.9618,357
14.3153,22.677,357
12.3192,22.8024,357
10.3345,22.5557,357
10.3455,20.5558,357
9.09781,18.9927,357
9.19093,16.9949,357
10.726,15.7129,357
10.9404,13.7244,357
10.7188,11.7368,357
10.303,9.78045,357
8.51274,8.88888,357
8.32701,6.89753,357
6.94923,5.4478,357
5,5,357
80.8181,84.2621,358
79.0729,83.2852,358
78.9275,81.2905,358
78.4082,79.3591,358
76.6131,78.4773,358
76.2074,76.5189,358
74.2174,76.3192,358
72.7999,74.9083,358
73.1058,72.9318,358
71.8251,71.3956,358
72.091,69.4133,358
73.6266,68.1319,358
72.7081,66.3553,358
72.5435,64.3621,358
72.1226,62.4068,358
70.1894,61.8945,358
68.3152,61.1963,358
66.937,59.747,358
66.6815,57.7634,358
67.8171,56.117,358
67.5569,54.134,358
67.1605,52.1737,358
67.8716,50.3043,358
67.2244,48.4119,358
65.9638,46.8592,358
64.7668,45.257,358
64.2266,43.3314,358
62.2431,43.5877,358
61.8293,41.631,358
60.1488,40.5467,358
59.0695,38.8629,358
57.1519,39.4307,358
55.6279,38.1355,358
53.7057,37.5832,358
52.5523,39.2171,358
50.7336,40.0492,358
48.8354,40.6791,358
46.923,41.2644,358
45.0676,40.5178,358
43.3972,41.6178,358
41.4864,42.2082,358
39.5236,42.5921,358
37.8218,41.5414,358
36.281,40.2663,358
34.3704,40.8574,358
32.5226,40.092,358
30.5682,40.5164,358
28.917,39.3878,358
28.5888,37.415,358
26.9488,36.2702,358
25.696,34.7112,358
26.4217,32.8475,358
26.2601,30.854,358
24.3605,30.2285,358
23.4125,28.4674,358
22.457,26.7105,358
20.4619,26.8508,358
18.4621,26.8798,358
16.8545,25.6901,358
15.848,23.9618,358
14.3153,22.677,358
12.3192,22.8024,358
10.3345,22.5557,358
10.3455,20.5558,358
9.09781,18.9927,358
9.19093,16.9949,358
10.726,15.7129,358
10.9404,13.7244,358
10.7188,11.7368,358
10.303,9.78045,358
8.51274,8.88888,358
8.32701,6.89753,358
6.94923,5.4478,358
5,5,358